Date,Matif
03/01/2000,125
04/01/2000,125.25
05/01/2000,125.25
06/01/2000,125.5
07/01/2000,125.25
10/01/2000,125
11/01/2000,126.5
12/01/2000,126.75
13/01/2000,127
14/01/2000,127.25
17/01/2000,127
18/01/2000,127
19/01/2000,127
20/01/2000,127.25
21/01/2000,127.25
24/01/2000,127
25/01/2000,127.5
26/01/2000,127.5
27/01/2000,127.5
28/01/2000,127.5
31/01/2000,127.5
01/02/2000,127.25
02/02/2000,127.5
03/02/2000,127
04/02/2000,127
07/02/2000,127
08/02/2000,126.75
09/02/2000,126.75
10/02/2000,126.5
11/02/2000,126.5
14/02/2000,125.5
15/02/2000,125.25
16/02/2000,125.5
17/02/2000,125.25
18/02/2000,125
21/02/2000,125.25
22/02/2000,125.5
23/02/2000,125.75
24/02/2000,125.5
25/02/2000,125.25
28/02/2000,125.5
29/02/2000,125.5
01/03/2000,126.25
02/03/2000,126.75
03/03/2000,126.75
06/03/2000,127
07/03/2000,127
08/03/2000,127.25
09/03/2000,127
10/03/2000,127
13/03/2000,128
14/03/2000,128.25
15/03/2000,128.5
16/03/2000,128.5
17/03/2000,128.5
20/03/2000,128.5
21/03/2000,128.5
22/03/2000,128.5
23/03/2000,128.75
24/03/2000,129
27/03/2000,129
28/03/2000,129.25
29/03/2000,129.5
30/03/2000,130
31/03/2000,130.25
03/04/2000,130.5
04/04/2000,131.25
05/04/2000,131.5
06/04/2000,131.75
07/04/2000,131.75
10/04/2000,131.75
11/04/2000,132.25
12/04/2000,132.25
13/04/2000,131.75
14/04/2000,131
17/04/2000,131
18/04/2000,131
19/04/2000,129.75
20/04/2000,129.75
25/04/2000,129.75
26/04/2000,130
27/04/2000,130.75
28/04/2000,130.5
02/05/2000,130
03/05/2000,130.5
04/05/2000,130.75
05/05/2000,129.75
08/05/2000,130
09/05/2000,129
10/05/2000,128.75
11/05/2000,116
12/05/2000,116.5
15/05/2000,116
16/05/2000,116
17/05/2000,116
18/05/2000,116.75
19/05/2000,116.5
22/05/2000,117
23/05/2000,117
24/05/2000,117
25/05/2000,117
26/05/2000,116.5
29/05/2000,116.5
30/05/2000,114.5
31/05/2000,114.5
01/06/2000,114.5
02/06/2000,114.5
05/06/2000,114.5
06/06/2000,114.5
07/06/2000,114
08/06/2000,113
09/06/2000,113.5
12/06/2000,113.5
13/06/2000,113.5
14/06/2000,113.5
15/06/2000,113
16/06/2000,113
19/06/2000,113
20/06/2000,113.25
21/06/2000,113.5
22/06/2000,114
23/06/2000,114.25
26/06/2000,114.5
27/06/2000,114.75
28/06/2000,114.75
29/06/2000,114.5
30/06/2000,114.5
03/07/2000,114
04/07/2000,112.5
05/07/2000,112.5
06/07/2000,112.75
07/07/2000,113
10/07/2000,112.5
11/07/2000,112.75
12/07/2000,112.5
13/07/2000,112
14/07/2000,112
17/07/2000,111.5
18/07/2000,111.25
19/07/2000,111
20/07/2000,111.75
21/07/2000,112.5
24/07/2000,112
25/07/2000,111
26/07/2000,111
27/07/2000,110
28/07/2000,110.25
31/07/2000,111
01/08/2000,111
02/08/2000,111.75
03/08/2000,111.75
04/08/2000,111.5
07/08/2000,111.5
08/08/2000,111.5
09/08/2000,111.5
10/08/2000,111.5
11/08/2000,111.75
14/08/2000,111.5
15/08/2000,111.5
16/08/2000,111.25
17/08/2000,111
18/08/2000,111.25
21/08/2000,111.25
22/08/2000,110.5
23/08/2000,110
24/08/2000,109.25
25/08/2000,111
28/08/2000,111
29/08/2000,111
30/08/2000,112.5
31/08/2000,111
01/09/2000,111
04/09/2000,111
05/09/2000,111
06/09/2000,111.25
07/09/2000,111.5
08/09/2000,112
11/09/2000,112.5
12/09/2000,112.75
13/09/2000,112.75
14/09/2000,112.5
15/09/2000,112.5
18/09/2000,112.75
19/09/2000,112.75
20/09/2000,112.75
21/09/2000,113
22/09/2000,113.5
25/09/2000,113.75
26/09/2000,113.25
27/09/2000,113
28/09/2000,112.75
29/09/2000,112.75
02/10/2000,112.75
03/10/2000,113
04/10/2000,113.25
05/10/2000,113.25
06/10/2000,113.5
09/10/2000,113.5
10/10/2000,114
11/10/2000,113.75
12/10/2000,113.75
13/10/2000,113.75
16/10/2000,114.25
17/10/2000,114
18/10/2000,113.75
19/10/2000,113.75
20/10/2000,113.5
23/10/2000,113.25
24/10/2000,112.75
25/10/2000,112.25
26/10/2000,112.25
27/10/2000,111
30/10/2000,111.25
31/10/2000,111
01/11/2000,111
02/11/2000,111
03/11/2000,111
06/11/2000,110.75
07/11/2000,111
08/11/2000,111
09/11/2000,111.25
10/11/2000,111.5
13/11/2000,113.25
14/11/2000,114.25
15/11/2000,115.25
16/11/2000,115.25
17/11/2000,115.25
20/11/2000,115
21/11/2000,115.25
22/11/2000,116
23/11/2000,116.5
24/11/2000,116.5
27/11/2000,116.75
28/11/2000,117
29/11/2000,117
30/11/2000,116.5
01/12/2000,116.5
04/12/2000,116.25
05/12/2000,116.25
06/12/2000,116.25
07/12/2000,116
08/12/2000,113.75
11/12/2000,114.25
12/12/2000,114.25
13/12/2000,115
14/12/2000,115.25
15/12/2000,115
18/12/2000,115
19/12/2000,115
20/12/2000,115.25
21/12/2000,115.25
22/12/2000,114.75
27/12/2000,114.75
28/12/2000,115
29/12/2000,115
02/01/2001,114.75
03/01/2001,114.5
04/01/2001,114.5
05/01/2001,114.5
08/01/2001,114.75
09/01/2001,115
10/01/2001,116.25
11/01/2001,117.5
12/01/2001,117.5
15/01/2001,117.5
16/01/2001,117.5
17/01/2001,117.75
18/01/2001,117
19/01/2001,117
22/01/2001,117
23/01/2001,117
24/01/2001,117
25/01/2001,117.25
26/01/2001,117.5
29/01/2001,117.25
30/01/2001,117.5
31/01/2001,118
01/02/2001,118
02/02/2001,117.75
05/02/2001,117
06/02/2001,117.25
07/02/2001,116.75
08/02/2001,116.75
09/02/2001,117
12/02/2001,117.5
13/02/2001,117.25
14/02/2001,116.5
15/02/2001,116.75
16/02/2001,116.5
19/02/2001,117
20/02/2001,116.75
21/02/2001,117
22/02/2001,117.5
23/02/2001,117.5
26/02/2001,117.5
27/02/2001,117.75
28/02/2001,118
01/03/2001,118.25
02/03/2001,118.25
05/03/2001,118.5
06/03/2001,119
07/03/2001,119
08/03/2001,118.25
09/03/2001,117.5
12/03/2001,116.5
13/03/2001,117
14/03/2001,115
15/03/2001,116
16/03/2001,117
19/03/2001,117
20/03/2001,117
21/03/2001,116.5
22/03/2001,115.5
23/03/2001,115.5
26/03/2001,115.5
27/03/2001,115.75
28/03/2001,115.75
29/03/2001,115.75
30/03/2001,116
02/04/2001,116.5
03/04/2001,116.5
04/04/2001,116.5
05/04/2001,116.75
06/04/2001,117.5
09/04/2001,118
10/04/2001,118.5
11/04/2001,119
12/04/2001,119.25
17/04/2001,119.5
18/04/2001,120.5
19/04/2001,120.5
20/04/2001,119.5
23/04/2001,120
24/04/2001,120.25
25/04/2001,120.25
26/04/2001,120.75
27/04/2001,121
30/04/2001,121
02/05/2001,122
03/05/2001,122.75
04/05/2001,123
07/05/2001,123
08/05/2001,123
09/05/2001,125.25
10/05/2001,127
11/05/2001,124.5
14/05/2001,124.5
15/05/2001,124.5
16/05/2001,125
17/05/2001,125
18/05/2001,125
21/05/2001,125
22/05/2001,125
23/05/2001,125
24/05/2001,125
25/05/2001,124.75
28/05/2001,123
29/05/2001,123
30/05/2001,123
31/05/2001,124
01/06/2001,124
05/06/2001,123.75
06/06/2001,123.75
07/06/2001,123.75
08/06/2001,123.5
11/06/2001,123.5
12/06/2001,123.5
13/06/2001,123.5
14/06/2001,123
15/06/2001,123
18/06/2001,123
19/06/2001,124
20/06/2001,124
21/06/2001,123.5
22/06/2001,123
25/06/2001,122
26/06/2001,122.5
27/06/2001,122.5
28/06/2001,122.5
29/06/2001,122.5
02/07/2001,122.5
03/07/2001,122
04/07/2001,122.5
05/07/2001,123
06/07/2001,123
09/07/2001,123
10/07/2001,123
11/07/2001,125
12/07/2001,126.5
13/07/2001,128
16/07/2001,127.5
17/07/2001,128
18/07/2001,126.5
19/07/2001,126.25
20/07/2001,124
23/07/2001,123
24/07/2001,124
25/07/2001,123.75
26/07/2001,124
27/07/2001,124
30/07/2001,124
31/07/2001,125
01/08/2001,127.75
02/08/2001,127
03/08/2001,125.5
06/08/2001,125
07/08/2001,127
08/08/2001,126.25
09/08/2001,125
10/08/2001,124.25
13/08/2001,123
14/08/2001,123
15/08/2001,123
16/08/2001,122
17/08/2001,122
20/08/2001,121.5
21/08/2001,121
22/08/2001,121.25
23/08/2001,121.5
24/08/2001,121.5
27/08/2001,122
28/08/2001,122
29/08/2001,122
30/08/2001,120.75
31/08/2001,120.75
03/09/2001,120.75
04/09/2001,120.5
05/09/2001,120.5
06/09/2001,120
07/09/2001,119
10/09/2001,119.75
11/09/2001,121
12/09/2001,121.5
13/09/2001,121
14/09/2001,122
17/09/2001,120.5
18/09/2001,121
19/09/2001,121
20/09/2001,121
21/09/2001,119
24/09/2001,119
25/09/2001,119
26/09/2001,118.5
27/09/2001,119
28/09/2001,119.25
01/10/2001,118.75
02/10/2001,118
03/10/2001,118
04/10/2001,118.5
05/10/2001,118.5
08/10/2001,118.5
09/10/2001,119
10/10/2001,118.5
11/10/2001,118.75
12/10/2001,118.5
15/10/2001,118.5
16/10/2001,119
17/10/2001,119.5
18/10/2001,121.5
19/10/2001,121.75
22/10/2001,121.5
23/10/2001,122
24/10/2001,123
25/10/2001,122.75
26/10/2001,124.25
29/10/2001,124.5
30/10/2001,124.75
31/10/2001,125.25
01/11/2001,125.25
02/11/2001,125.5
05/11/2001,125
06/11/2001,125
07/11/2001,125
08/11/2001,125
09/11/2001,125
12/11/2001,124
13/11/2001,125.25
14/11/2001,125.25
15/11/2001,125.25
16/11/2001,126
19/11/2001,127
20/11/2001,127.75
21/11/2001,128.25
22/11/2001,128.25
23/11/2001,128.75
26/11/2001,127.75
27/11/2001,127.5
28/11/2001,127.5
29/11/2001,125.5
30/11/2001,126.5
03/12/2001,126.5
04/12/2001,126
05/12/2001,125.5
06/12/2001,125
07/12/2001,124.75
10/12/2001,125.25
11/12/2001,125.25
12/12/2001,125
13/12/2001,124.5
14/12/2001,124
17/12/2001,123.75
18/12/2001,123.75
19/12/2001,124.5
20/12/2001,124.25
21/12/2001,124.5
24/12/2001,124.75
27/12/2001,125
28/12/2001,125
02/01/2002,124.75
03/01/2002,125
04/01/2002,126.25
07/01/2002,126
08/01/2002,126
09/01/2002,125.5
10/01/2002,124
11/01/2002,125.5
14/01/2002,125.75
15/01/2002,125.25
16/01/2002,125.25
17/01/2002,124
18/01/2002,124
21/01/2002,123.5
22/01/2002,123.75
23/01/2002,123.5
24/01/2002,122
25/01/2002,122
28/01/2002,121.25
29/01/2002,121.75
30/01/2002,121
31/01/2002,120.5
01/02/2002,120
04/02/2002,119.5
05/02/2002,119.25
06/02/2002,118.25
07/02/2002,118.75
08/02/2002,119.5
11/02/2002,119.5
12/02/2002,119.5
13/02/2002,119.5
14/02/2002,119.25
15/02/2002,118.75
18/02/2002,118.5
19/02/2002,118.75
20/02/2002,117.5
21/02/2002,116.5
22/02/2002,116.25
25/02/2002,115.5
26/02/2002,115.25
27/02/2002,113.5
28/02/2002,112.75
01/03/2002,112.5
04/03/2002,112.75
05/03/2002,110.75
06/03/2002,109
07/03/2002,109.5
08/03/2002,109.5
11/03/2002,110.5
12/03/2002,111.5
13/03/2002,113.5
14/03/2002,113
15/03/2002,113.25
18/03/2002,113.25
19/03/2002,112
20/03/2002,111.5
21/03/2002,111
22/03/2002,110.75
25/03/2002,109.25
26/03/2002,109.5
27/03/2002,109.5
28/03/2002,109.75
02/04/2002,110.5
03/04/2002,111
04/04/2002,111.5
05/04/2002,111.25
08/04/2002,110.75
09/04/2002,110.75
10/04/2002,110.25
11/04/2002,110
12/04/2002,110
15/04/2002,109.5
16/04/2002,109.5
17/04/2002,110
18/04/2002,110.25
19/04/2002,110
22/04/2002,110.25
23/04/2002,110.25
24/04/2002,110.5
25/04/2002,110.75
26/04/2002,110.5
29/04/2002,110.75
30/04/2002,110.75
02/05/2002,110.25
03/05/2002,108.5
06/05/2002,108
07/05/2002,106.75
08/05/2002,106.5
09/05/2002,106.5
10/05/2002,105
13/05/2002,107
14/05/2002,106
15/05/2002,106
16/05/2002,103
17/05/2002,104.5
20/05/2002,104.5
21/05/2002,104.5
22/05/2002,104.5
23/05/2002,104.5
24/05/2002,103
27/05/2002,103.5
28/05/2002,103.5
29/05/2002,103.5
30/05/2002,103.5
31/05/2002,103.5
03/06/2002,105
04/06/2002,105
05/06/2002,103
06/06/2002,103
07/06/2002,103
10/06/2002,104
11/06/2002,103
12/06/2002,103
13/06/2002,104
14/06/2002,104
17/06/2002,104
18/06/2002,104
19/06/2002,104
20/06/2002,104
21/06/2002,104
24/06/2002,104
25/06/2002,103.75
26/06/2002,102
27/06/2002,102
28/06/2002,103
01/07/2002,100
02/07/2002,100
03/07/2002,101
04/07/2002,102
05/07/2002,102
08/07/2002,102
09/07/2002,101
10/07/2002,101
11/07/2002,106
12/07/2002,106
15/07/2002,106
16/07/2002,106
17/07/2002,107
18/07/2002,108
19/07/2002,108
22/07/2002,108
23/07/2002,108
24/07/2002,108
25/07/2002,108
26/07/2002,108
29/07/2002,107.5
30/07/2002,108
31/07/2002,109
01/08/2002,111
02/08/2002,111
05/08/2002,111
06/08/2002,111
07/08/2002,111
08/08/2002,111
09/08/2002,111
12/08/2002,111
13/08/2002,111
14/08/2002,114
15/08/2002,114
16/08/2002,114
19/08/2002,114
20/08/2002,114
21/08/2002,114
22/08/2002,114
23/08/2002,114
26/08/2002,114
27/08/2002,115
28/08/2002,115.25
29/08/2002,114.5
30/08/2002,114.75
02/09/2002,114.75
03/09/2002,114.5
04/09/2002,115
05/09/2002,114
06/09/2002,115
09/09/2002,120
10/09/2002,122
11/09/2002,121
12/09/2002,121.25
13/09/2002,119.75
16/09/2002,120.75
17/09/2002,120.75
18/09/2002,122.25
19/09/2002,121.75
20/09/2002,120.5
23/09/2002,121.25
24/09/2002,121.75
25/09/2002,121
26/09/2002,121.5
27/09/2002,121.5
30/09/2002,121.25
01/10/2002,120.25
02/10/2002,118.75
03/10/2002,117.75
04/10/2002,118
07/10/2002,118
08/10/2002,118.5
09/10/2002,118
10/10/2002,117
11/10/2002,117
14/10/2002,117
15/10/2002,115.75
16/10/2002,116.25
17/10/2002,116.5
18/10/2002,117
21/10/2002,117
22/10/2002,116.5
23/10/2002,116.5
24/10/2002,116.5
25/10/2002,116.5
28/10/2002,116.5
29/10/2002,117
30/10/2002,117.5
31/10/2002,117.5
01/11/2002,117.5
04/11/2002,118
05/11/2002,117.75
06/11/2002,117.25
07/11/2002,115.75
08/11/2002,114.25
11/11/2002,113.25
12/11/2002,114.75
13/11/2002,113
14/11/2002,113.5
15/11/2002,113.5
18/11/2002,113.5
19/11/2002,113.5
20/11/2002,113.5
21/11/2002,114.25
22/11/2002,114.5
25/11/2002,114.5
26/11/2002,114.25
27/11/2002,114.25
28/11/2002,114
29/11/2002,113
02/12/2002,113
03/12/2002,111.5
04/12/2002,110.5
05/12/2002,110.75
06/12/2002,110.75
09/12/2002,110.75
10/12/2002,111.25
11/12/2002,110.5
12/12/2002,112
13/12/2002,112.25
16/12/2002,112
17/12/2002,112
18/12/2002,111.75
19/12/2002,112.25
20/12/2002,112.75
23/12/2002,112.75
24/12/2002,112.75
27/12/2002,112.5
30/12/2002,112.25
31/12/2002,112
02/01/2003,112
03/01/2003,112
06/01/2003,111.75
07/01/2003,111.25
08/01/2003,111
09/01/2003,111
10/01/2003,111
13/01/2003,113
14/01/2003,111.75
15/01/2003,110.75
16/01/2003,110.5
17/01/2003,110.5
20/01/2003,110
21/01/2003,110.25
22/01/2003,109.5
23/01/2003,110
24/01/2003,110
27/01/2003,110.25
28/01/2003,110.75
29/01/2003,110.75
30/01/2003,111.25
31/01/2003,110.75
03/02/2003,110.75
04/02/2003,111
05/02/2003,111.25
06/02/2003,111.75
07/02/2003,111.25
10/02/2003,111
11/02/2003,111.25
12/02/2003,110.5
13/02/2003,110.5
14/02/2003,110.25
17/02/2003,110
18/02/2003,108.75
19/02/2003,108.75
20/02/2003,109.5
21/02/2003,110.25
24/02/2003,110.25
25/02/2003,110.5
26/02/2003,109.5
27/02/2003,108.5
28/02/2003,108
03/03/2003,107.5
04/03/2003,107.25
05/03/2003,107.75
06/03/2003,107.5
07/03/2003,107.5
10/03/2003,107.5
11/03/2003,108.75
12/03/2003,108.25
13/03/2003,108.25
14/03/2003,107.75
17/03/2003,107.75
18/03/2003,108.5
19/03/2003,109.75
20/03/2003,110.75
21/03/2003,110.5
24/03/2003,110.75
25/03/2003,110.75
26/03/2003,111.5
27/03/2003,111
28/03/2003,110.75
31/03/2003,110.75
01/04/2003,110.75
02/04/2003,111
03/04/2003,110.25
04/04/2003,111.5
07/04/2003,112
08/04/2003,111.25
09/04/2003,112
10/04/2003,112.25
11/04/2003,112
14/04/2003,111.75
15/04/2003,112.5
16/04/2003,113
17/04/2003,112.75
22/04/2003,112.5
23/04/2003,113
24/04/2003,113
25/04/2003,112.75
28/04/2003,112.5
29/04/2003,112.5
30/04/2003,113
02/05/2003,113.5
05/05/2003,113
06/05/2003,112
07/05/2003,111
08/05/2003,110
09/05/2003,110
12/05/2003,110
13/05/2003,110
14/05/2003,110
15/05/2003,110
16/05/2003,110
19/05/2003,110
20/05/2003,110
21/05/2003,110
22/05/2003,110
23/05/2003,110
26/05/2003,110
27/05/2003,110
28/05/2003,110
29/05/2003,110
30/05/2003,110
02/06/2003,110
03/06/2003,110.5
04/06/2003,110.5
05/06/2003,110.5
06/06/2003,111
09/06/2003,111
10/06/2003,111
11/06/2003,111
12/06/2003,111
13/06/2003,111
16/06/2003,111
17/06/2003,111
18/06/2003,111
19/06/2003,111
20/06/2003,111.25
23/06/2003,113
24/06/2003,113
25/06/2003,113
26/06/2003,112.5
27/06/2003,114
30/06/2003,114
01/07/2003,114
02/07/2003,114
03/07/2003,114
04/07/2003,114
07/07/2003,114
08/07/2003,114
09/07/2003,114
10/07/2003,114
11/07/2003,114
14/07/2003,114
15/07/2003,115
16/07/2003,115
17/07/2003,115
18/07/2003,115
21/07/2003,115
22/07/2003,115
23/07/2003,115
24/07/2003,115
25/07/2003,115
28/07/2003,115
29/07/2003,121
30/07/2003,121
31/07/2003,121
01/08/2003,121
04/08/2003,122.5
05/08/2003,122.5
06/08/2003,122.5
07/08/2003,122.5
08/08/2003,122.5
11/08/2003,122.5
12/08/2003,122.5
13/08/2003,122.5
14/08/2003,122.5
15/08/2003,122.5
18/08/2003,122.5
19/08/2003,122.5
20/08/2003,122.5
21/08/2003,122.5
22/08/2003,127
25/08/2003,127.5
26/08/2003,129.5
27/08/2003,130
28/08/2003,131.25
29/08/2003,133
01/09/2003,134.25
02/09/2003,132
03/09/2003,132
04/09/2003,133.5
05/09/2003,132
08/09/2003,132.5
09/09/2003,131
10/09/2003,131
11/09/2003,133
12/09/2003,132
15/09/2003,130.75
16/09/2003,132.25
17/09/2003,132.5
18/09/2003,132.5
19/09/2003,132.25
22/09/2003,132.25
23/09/2003,133.25
24/09/2003,135.5
25/09/2003,136.5
26/09/2003,137
29/09/2003,137.25
30/09/2003,137
01/10/2003,137
02/10/2003,136
03/10/2003,135.75
06/10/2003,135.75
07/10/2003,132.5
08/10/2003,132.75
09/10/2003,133.5
10/10/2003,133
13/10/2003,133.25
14/10/2003,133.25
15/10/2003,133.75
16/10/2003,133.25
17/10/2003,133.75
20/10/2003,133.5
21/10/2003,134.5
22/10/2003,136
23/10/2003,140.5
24/10/2003,141.75
27/10/2003,143
28/10/2003,143
29/10/2003,146
30/10/2003,148
31/10/2003,149
03/11/2003,149
04/11/2003,149
05/11/2003,148.75
06/11/2003,153
07/11/2003,155
10/11/2003,156
11/11/2003,162.75
12/11/2003,165.25
13/11/2003,163
14/11/2003,163.5
17/11/2003,162
18/11/2003,159
19/11/2003,157
20/11/2003,159.5
21/11/2003,160.5
24/11/2003,160.75
25/11/2003,160.25
26/11/2003,159.5
27/11/2003,158.5
28/11/2003,162
01/12/2003,161.75
02/12/2003,160
03/12/2003,160.5
04/12/2003,161.5
05/12/2003,161
08/12/2003,160
09/12/2003,159.5
10/12/2003,158.5
11/12/2003,156.5
12/12/2003,155
15/12/2003,156
16/12/2003,155
17/12/2003,154.75
18/12/2003,154
19/12/2003,154.75
22/12/2003,154.5
23/12/2003,152.25
24/12/2003,148.75
29/12/2003,149.25
30/12/2003,149.75
31/12/2003,153.5
02/01/2004,156.25
05/01/2004,157
06/01/2004,155.75
07/01/2004,154
08/01/2004,153
09/01/2004,150
12/01/2004,150
13/01/2004,157.25
14/01/2004,154.5
15/01/2004,155.5
16/01/2004,156.5
19/01/2004,158.5
20/01/2004,157.75
21/01/2004,157
22/01/2004,155.75
23/01/2004,155.75
26/01/2004,156.5
27/01/2004,155.25
28/01/2004,155
29/01/2004,155
30/01/2004,157
02/02/2004,156
03/02/2004,153.75
04/02/2004,153
05/02/2004,152
06/02/2004,152.75
09/02/2004,151.75
10/02/2004,151.5
11/02/2004,151.25
12/02/2004,149
13/02/2004,146
16/02/2004,144.5
17/02/2004,146
18/02/2004,143.5
19/02/2004,144.5
20/02/2004,147
23/02/2004,150.5
24/02/2004,154
25/02/2004,153.75
26/02/2004,153.5
27/02/2004,153
01/03/2004,151
02/03/2004,148.75
03/03/2004,149.5
04/03/2004,149.25
05/03/2004,147
08/03/2004,145
09/03/2004,144.5
10/03/2004,146
11/03/2004,147.5
12/03/2004,149.5
15/03/2004,151.5
16/03/2004,151.5
17/03/2004,153
18/03/2004,153.75
19/03/2004,153.5
22/03/2004,154.5
23/03/2004,155
24/03/2004,156.25
25/03/2004,156.5
26/03/2004,155.25
29/03/2004,155
30/03/2004,155
31/03/2004,155.5
01/04/2004,155
02/04/2004,153
05/04/2004,154
06/04/2004,153.25
07/04/2004,152.5
08/04/2004,152.25
13/04/2004,151.25
14/04/2004,150
15/04/2004,148.75
16/04/2004,147.75
19/04/2004,147.5
20/04/2004,149.5
21/04/2004,151
22/04/2004,151
23/04/2004,153.5
26/04/2004,155
27/04/2004,155
28/04/2004,155.25
29/04/2004,155
30/04/2004,155
03/05/2004,154.75
04/05/2004,154.5
05/05/2004,153
06/05/2004,149.25
07/05/2004,147
10/05/2004,150
11/05/2004,139
12/05/2004,139
13/05/2004,139
14/05/2004,130
17/05/2004,128
18/05/2004,128
19/05/2004,128
20/05/2004,128
21/05/2004,127
24/05/2004,127
25/05/2004,126
26/05/2004,126
27/05/2004,125
28/05/2004,125
31/05/2004,125
01/06/2004,125
02/06/2004,125
03/06/2004,124
04/06/2004,126
07/06/2004,125
08/06/2004,125
09/06/2004,125
10/06/2004,123
11/06/2004,123
14/06/2004,123
15/06/2004,123
16/06/2004,123
17/06/2004,123
18/06/2004,123
21/06/2004,123
22/06/2004,125
23/06/2004,130
24/06/2004,130
25/06/2004,130
28/06/2004,130
29/06/2004,125
30/06/2004,121
01/07/2004,120
02/07/2004,120
05/07/2004,118
06/07/2004,118
07/07/2004,118
08/07/2004,118
09/07/2004,118
12/07/2004,120
13/07/2004,113
14/07/2004,113
15/07/2004,113
16/07/2004,112.5
19/07/2004,110.5
20/07/2004,110.5
21/07/2004,110.5
22/07/2004,110.5
23/07/2004,110.75
26/07/2004,109.75
27/07/2004,109.25
28/07/2004,109.5
29/07/2004,110
30/07/2004,110.25
02/08/2004,110.5
03/08/2004,111
04/08/2004,112.75
05/08/2004,112
06/08/2004,110.5
09/08/2004,110.75
10/08/2004,109.5
11/08/2004,108.75
12/08/2004,109
13/08/2004,108.5
16/08/2004,108
17/08/2004,109
18/08/2004,110.5
19/08/2004,110
20/08/2004,110
23/08/2004,110.5
24/08/2004,110.5
25/08/2004,110.5
26/08/2004,111
27/08/2004,111.5
30/08/2004,111.5
31/08/2004,111.75
01/09/2004,111.5
02/09/2004,111.5
03/09/2004,111.5
06/09/2004,111.5
07/09/2004,110
08/09/2004,109.25
09/09/2004,109
10/09/2004,109
13/09/2004,110.5
14/09/2004,110.75
15/09/2004,111
16/09/2004,110.75
17/09/2004,110.5
20/09/2004,110.5
21/09/2004,110
22/09/2004,110
23/09/2004,110.25
24/09/2004,109.75
27/09/2004,109.75
28/09/2004,109.25
29/09/2004,109
30/09/2004,108.5
01/10/2004,108.75
04/10/2004,108.75
05/10/2004,109
06/10/2004,109
07/10/2004,109.25
08/10/2004,109.5
11/10/2004,109.25
12/10/2004,109
13/10/2004,109
14/10/2004,108.75
15/10/2004,108.75
18/10/2004,108.75
19/10/2004,108.25
20/10/2004,108
21/10/2004,107.5
22/10/2004,107
25/10/2004,107
26/10/2004,107.5
27/10/2004,107.75
28/10/2004,108.5
29/10/2004,108.5
01/11/2004,108
02/11/2004,108.5
03/11/2004,108.5
04/11/2004,109
05/11/2004,109
08/11/2004,109.5
09/11/2004,109.5
10/11/2004,109.5
11/11/2004,110
12/11/2004,110.5
15/11/2004,110.25
16/11/2004,110.25
17/11/2004,110
18/11/2004,110.25
19/11/2004,110.25
22/11/2004,110
23/11/2004,109.75
24/11/2004,109.25
25/11/2004,109
26/11/2004,108.75
29/11/2004,108
30/11/2004,107.5
01/12/2004,107.5
02/12/2004,107.25
03/12/2004,107.25
06/12/2004,107
07/12/2004,106.5
08/12/2004,106.25
09/12/2004,107
10/12/2004,107
13/12/2004,107
14/12/2004,106.75
15/12/2004,106.5
16/12/2004,106.5
17/12/2004,106.25
20/12/2004,106.25
21/12/2004,106.5
22/12/2004,106.5
23/12/2004,106.5
24/12/2004,106.5
27/12/2004,106.75
28/12/2004,106.75
29/12/2004,106.5
30/12/2004,106.5
31/12/2004,106
03/01/2005,105.5
04/01/2005,104.75
05/01/2005,104.5
06/01/2005,104.5
07/01/2005,104.75
10/01/2005,104.5
11/01/2005,106.5
12/01/2005,106
13/01/2005,105.5
14/01/2005,104.5
17/01/2005,104.25
18/01/2005,104
19/01/2005,103.75
20/01/2005,105
21/01/2005,105.5
24/01/2005,105.5
25/01/2005,106
26/01/2005,106.5
27/01/2005,107
28/01/2005,107.25
31/01/2005,107.25
01/02/2005,106.75
02/02/2005,107.25
03/02/2005,106.25
04/02/2005,106.25
07/02/2005,105.75
08/02/2005,105.75
09/02/2005,105.75
10/02/2005,105.25
11/02/2005,105.5
14/02/2005,105.75
15/02/2005,106.5
16/02/2005,107
17/02/2005,107
18/02/2005,107
21/02/2005,107.5
22/02/2005,107.75
23/02/2005,107.75
24/02/2005,107.75
25/02/2005,108.75
28/02/2005,109
01/03/2005,108.75
02/03/2005,108.75
03/03/2005,109.25
04/03/2005,108.5
07/03/2005,108
08/03/2005,106.5
09/03/2005,106.5
10/03/2005,106.5
11/03/2005,106
14/03/2005,106.25
15/03/2005,107.25
16/03/2005,107
17/03/2005,106.75
18/03/2005,106
21/03/2005,105.75
22/03/2005,105.75
23/03/2005,105.5
24/03/2005,105
29/03/2005,104
30/03/2005,104
31/03/2005,104.25
01/04/2005,102.25
04/04/2005,102.25
05/04/2005,101.25
06/04/2005,101
07/04/2005,99.75
08/04/2005,99
11/04/2005,99.25
12/04/2005,99.75
13/04/2005,100.25
14/04/2005,99.75
15/04/2005,100.5
18/04/2005,101.5
19/04/2005,100.75
20/04/2005,101
21/04/2005,102.5
22/04/2005,101.75
25/04/2005,101.5
26/04/2005,101
27/04/2005,101.5
28/04/2005,101.5
29/04/2005,101.5
02/05/2005,102
03/05/2005,102
04/05/2005,100.5
05/05/2005,100.5
06/05/2005,101
09/05/2005,101.75
10/05/2005,103.75
11/05/2005,106
12/05/2005,106
13/05/2005,106
16/05/2005,106
17/05/2005,106.25
18/05/2005,106.25
19/05/2005,106.25
20/05/2005,106.25
23/05/2005,106.5
24/05/2005,106
25/05/2005,106
26/05/2005,106
27/05/2005,106
30/05/2005,106
31/05/2005,106
01/06/2005,107.5
02/06/2005,107.25
03/06/2005,107.25
06/06/2005,108.5
07/06/2005,108
08/06/2005,108
09/06/2005,108
10/06/2005,108
13/06/2005,107.75
14/06/2005,107.5
15/06/2005,107.5
16/06/2005,107.5
17/06/2005,105.75
20/06/2005,105.75
21/06/2005,106
22/06/2005,106.5
23/06/2005,105.5
24/06/2005,104.75
27/06/2005,104.75
28/06/2005,104.75
29/06/2005,104.75
30/06/2005,103.75
01/07/2005,103.75
04/07/2005,103.5
05/07/2005,103.5
06/07/2005,103.5
07/07/2005,103.5
08/07/2005,103.5
11/07/2005,103.5
12/07/2005,104
13/07/2005,104
14/07/2005,104.5
15/07/2005,105.5
18/07/2005,106.25
19/07/2005,107.5
20/07/2005,107.25
21/07/2005,107.25
22/07/2005,108
25/07/2005,107.25
26/07/2005,106.25
27/07/2005,105.5
28/07/2005,105.25
29/07/2005,105.25
01/08/2005,105
02/08/2005,105.5
03/08/2005,105.75
04/08/2005,106
05/08/2005,105.5
08/08/2005,105.5
09/08/2005,105.5
10/08/2005,105.5
11/08/2005,105
12/08/2005,105.75
15/08/2005,105.75
16/08/2005,105.25
17/08/2005,104.5
18/08/2005,104.25
19/08/2005,104.5
22/08/2005,104.5
23/08/2005,104.75
24/08/2005,105.25
25/08/2005,105.5
26/08/2005,105.5
29/08/2005,105.5
30/08/2005,105.75
31/08/2005,105.75
01/09/2005,105.75
02/09/2005,105.75
05/09/2005,105.75
06/09/2005,106
07/09/2005,106.5
08/09/2005,106
09/09/2005,105.75
12/09/2005,105.75
13/09/2005,108.25
14/09/2005,108.25
15/09/2005,108
16/09/2005,108.25
19/09/2005,108.25
20/09/2005,108
21/09/2005,108
22/09/2005,108.25
23/09/2005,108.5
26/09/2005,108.25
27/09/2005,108.75
28/09/2005,108.5
29/09/2005,108.5
30/09/2005,108.25
03/10/2005,108.25
04/10/2005,108.25
05/10/2005,108.75
06/10/2005,108.75
07/10/2005,108.5
10/10/2005,108.5
11/10/2005,109
12/10/2005,108.75
13/10/2005,109
14/10/2005,109
17/10/2005,109.25
18/10/2005,109.25
19/10/2005,109.5
20/10/2005,109.75
21/10/2005,109.75
24/10/2005,109.75
25/10/2005,109
26/10/2005,108.75
27/10/2005,109
28/10/2005,109
31/10/2005,109.25
01/11/2005,109.25
02/11/2005,109.5
03/11/2005,110
04/11/2005,110.75
07/11/2005,110.5
08/11/2005,110
09/11/2005,109.25
10/11/2005,108.5
11/11/2005,111
14/11/2005,111.25
15/11/2005,111.25
16/11/2005,111.5
17/11/2005,111.5
18/11/2005,111.5
21/11/2005,111.25
22/11/2005,111
23/11/2005,110.5
24/11/2005,110.5
25/11/2005,110.5
28/11/2005,110.5
29/11/2005,110.5
30/11/2005,110
01/12/2005,109.5
02/12/2005,109
05/12/2005,109.25
06/12/2005,109.25
07/12/2005,109.5
08/12/2005,109.75
09/12/2005,109.5
12/12/2005,109.5
13/12/2005,109.5
14/12/2005,109.5
15/12/2005,109.5
16/12/2005,109.25
19/12/2005,109
20/12/2005,108.75
21/12/2005,108.75
22/12/2005,108.75
23/12/2005,108.75
27/12/2005,109
28/12/2005,109
29/12/2005,108.75
30/12/2005,109
02/01/2006,108.75
03/01/2006,108.75
04/01/2006,109
05/01/2006,109
06/01/2006,109.25
09/01/2006,109
10/01/2006,109
11/01/2006,109.5
12/01/2006,108.75
13/01/2006,108.75
16/01/2006,109.25
17/01/2006,109.5
18/01/2006,109.5
19/01/2006,110
20/01/2006,110.5
23/01/2006,110.75
24/01/2006,111
25/01/2006,111.25
26/01/2006,112
27/01/2006,112.25
30/01/2006,111.75
31/01/2006,111.75
01/02/2006,111.25
02/02/2006,111.75
03/02/2006,112.25
06/02/2006,113
07/02/2006,112.75
08/02/2006,112.5
09/02/2006,112.5
10/02/2006,112.75
13/02/2006,112.5
14/02/2006,112.75
15/02/2006,112.25
16/02/2006,111.5
17/02/2006,111.25
20/02/2006,110.75
21/02/2006,111
22/02/2006,111.25
23/02/2006,110.75
24/02/2006,111.75
27/02/2006,111.75
28/02/2006,111.5
01/03/2006,111.75
02/03/2006,111.25
03/03/2006,111.25
06/03/2006,111
07/03/2006,110.5
08/03/2006,110.5
09/03/2006,110.25
10/03/2006,110.75
13/03/2006,112.25
14/03/2006,112
15/03/2006,111.75
16/03/2006,111.75
17/03/2006,111.75
20/03/2006,111.5
21/03/2006,111.25
22/03/2006,111.25
23/03/2006,111.25
24/03/2006,110.75
27/03/2006,110.75
28/03/2006,110.5
29/03/2006,110.5
30/03/2006,110
31/03/2006,110
03/04/2006,110.5
04/04/2006,110.75
06/04/2006,111.25
07/04/2006,112
10/04/2006,112
11/04/2006,112.25
12/04/2006,112.25
13/04/2006,113.25
18/04/2006,113
19/04/2006,113.25
20/04/2006,114.25
21/04/2006,114
24/04/2006,114.5
25/04/2006,115
26/04/2006,114.75
27/04/2006,114
28/04/2006,114
02/05/2006,113.75
03/05/2006,114.25
04/05/2006,114
05/05/2006,114
08/05/2006,113.75
09/05/2006,114.25
10/05/2006,116.5
11/05/2006,113
12/05/2006,114
15/05/2006,114.75
16/05/2006,114.25
17/05/2006,114.5
18/05/2006,116
19/05/2006,115.75
22/05/2006,115.75
23/05/2006,117
24/05/2006,117
25/05/2006,116.5
26/05/2006,117
29/05/2006,117.25
30/05/2006,117.25
31/05/2006,114.5
01/06/2006,113.25
02/06/2006,114
05/06/2006,114
06/06/2006,113
07/06/2006,112
08/06/2006,112.5
09/06/2006,113
12/06/2006,114.75
13/06/2006,113.75
14/06/2006,113.25
15/06/2006,113.25
16/06/2006,113
19/06/2006,112.5
20/06/2006,113
21/06/2006,113.5
22/06/2006,113
23/06/2006,113
26/06/2006,112
27/06/2006,112.25
28/06/2006,112.5
29/06/2006,111.5
30/06/2006,112
03/07/2006,113
04/07/2006,113.75
05/07/2006,114.25
06/07/2006,114.75
07/07/2006,115.25
10/07/2006,115.75
11/07/2006,116.5
12/07/2006,117.75
13/07/2006,118.5
14/07/2006,117.75
17/07/2006,120
18/07/2006,121
19/07/2006,120
20/07/2006,121.5
21/07/2006,129
24/07/2006,126.25
25/07/2006,121.75
26/07/2006,121.75
27/07/2006,121.75
28/07/2006,121
31/07/2006,120.5
01/08/2006,121.5
02/08/2006,122
03/08/2006,123
04/08/2006,123.75
07/08/2006,124
08/08/2006,125.5
09/08/2006,126.25
10/08/2006,125
11/08/2006,125.5
14/08/2006,125.5
15/08/2006,125.5
16/08/2006,127.25
17/08/2006,127.75
18/08/2006,127.75
21/08/2006,127.75
22/08/2006,127
23/08/2006,130
24/08/2006,133.75
25/08/2006,133.75
28/08/2006,135.25
29/08/2006,136.5
30/08/2006,137
31/08/2006,139.5
01/09/2006,140.25
04/09/2006,140.25
05/09/2006,141.5
06/09/2006,140.25
07/09/2006,141
08/09/2006,138
11/09/2006,135
12/09/2006,139.25
13/09/2006,137.5
14/09/2006,134.75
15/09/2006,136.5
18/09/2006,138
19/09/2006,141.75
20/09/2006,141.75
21/09/2006,142.5
22/09/2006,142
25/09/2006,141
26/09/2006,141.25
27/09/2006,143
28/09/2006,144.5
29/09/2006,147.5
02/10/2006,149.25
03/10/2006,147.25
04/10/2006,149
05/10/2006,153.25
06/10/2006,153
09/10/2006,157.75
10/10/2006,157.75
11/10/2006,161
12/10/2006,160
13/10/2006,160.75
16/10/2006,160.5
17/10/2006,158.5
18/10/2006,154.75
19/10/2006,155.5
20/10/2006,155.25
23/10/2006,155
24/10/2006,157
25/10/2006,159
26/10/2006,157.25
27/10/2006,158.75
30/10/2006,157.5
31/10/2006,156
01/11/2006,155.25
02/11/2006,157.5
03/11/2006,156.5
06/11/2006,156.5
07/11/2006,156.25
08/11/2006,157.5
09/11/2006,155.25
10/11/2006,153.25
13/11/2006,155.5
14/11/2006,154.5
15/11/2006,156
16/11/2006,154.75
17/11/2006,153.75
20/11/2006,155
21/11/2006,154
22/11/2006,153.5
23/11/2006,153.75
24/11/2006,153
27/11/2006,153.75
28/11/2006,152.5
29/11/2006,150.5
30/11/2006,150.75
01/12/2006,149.75
04/12/2006,147.25
05/12/2006,147
06/12/2006,147
07/12/2006,146.25
08/12/2006,146.75
11/12/2006,146
12/12/2006,146.75
13/12/2006,146
14/12/2006,147.75
15/12/2006,149.75
18/12/2006,149.5
19/12/2006,148
20/12/2006,149
21/12/2006,149
22/12/2006,150.25
27/12/2006,151
28/12/2006,152
29/12/2006,151
02/01/2007,149
03/01/2007,146.75
04/01/2007,145
05/01/2007,144.5
08/01/2007,144.75
09/01/2007,144.25
10/01/2007,142.75
11/01/2007,145.5
12/01/2007,149.75
15/01/2007,153.75
16/01/2007,150.75
17/01/2007,151.25
18/01/2007,150.25
19/01/2007,150.25
22/01/2007,150.5
23/01/2007,152.25
24/01/2007,149.75
25/01/2007,149
26/01/2007,149
29/01/2007,147.25
30/01/2007,147
31/01/2007,148
01/02/2007,148
02/02/2007,147.25
05/02/2007,147.25
06/02/2007,147.25
07/02/2007,146.5
08/02/2007,146.25
09/02/2007,146.5
12/02/2007,147
13/02/2007,147.25
14/02/2007,148.25
15/02/2007,148
16/02/2007,149
19/02/2007,152
20/02/2007,151.25
21/02/2007,152.25
22/02/2007,153
23/02/2007,152
26/02/2007,153.5
27/02/2007,152
28/02/2007,152.5
01/03/2007,152.25
02/03/2007,152.5
05/03/2007,152.5
06/03/2007,152.5
07/03/2007,152.75
08/03/2007,153.25
09/03/2007,153
12/03/2007,152
13/03/2007,152
14/03/2007,151
15/03/2007,152
16/03/2007,151.75
19/03/2007,152.25
20/03/2007,152.75
21/03/2007,153.75
22/03/2007,153.5
23/03/2007,153.25
26/03/2007,153.25
27/03/2007,152.5
28/03/2007,151.25
29/03/2007,151.25
30/03/2007,148.5
02/04/2007,147.5
03/04/2007,150
04/04/2007,152
05/04/2007,154
10/04/2007,154.75
11/04/2007,158
12/04/2007,157.75
13/04/2007,160
16/04/2007,160.75
17/04/2007,161.75
18/04/2007,159.75
19/04/2007,161.25
20/04/2007,158.25
23/04/2007,158.25
24/04/2007,156.5
25/04/2007,163
26/04/2007,161.5
27/04/2007,160
30/04/2007,161.25
02/05/2007,161
03/05/2007,159
04/05/2007,155.75
07/05/2007,156.5
08/05/2007,155.25
09/05/2007,156.25
10/05/2007,155.5
11/05/2007,149
14/05/2007,154
15/05/2007,151
16/05/2007,152
17/05/2007,151.75
18/05/2007,151
21/05/2007,151.5
22/05/2007,152.75
23/05/2007,154
24/05/2007,156
25/05/2007,156
28/05/2007,156.25
29/05/2007,155
30/05/2007,156.5
31/05/2007,157
01/06/2007,158
04/06/2007,159.25
05/06/2007,165.5
06/06/2007,162.75
07/06/2007,163
08/06/2007,163
11/06/2007,167.5
12/06/2007,168
13/06/2007,171
14/06/2007,179
15/06/2007,176
18/06/2007,175
19/06/2007,173.75
20/06/2007,173.5
21/06/2007,176
22/06/2007,174.75
25/06/2007,173.5
26/06/2007,173.5
27/06/2007,179
28/06/2007,181
29/06/2007,184.5
02/07/2007,179
03/07/2007,180
04/07/2007,182.5
05/07/2007,183.25
06/07/2007,183.25
09/07/2007,182
10/07/2007,182.75
11/07/2007,184
12/07/2007,184.25
13/07/2007,184.25
16/07/2007,182.25
17/07/2007,184
18/07/2007,184.75
19/07/2007,189
20/07/2007,192.5
23/07/2007,198
24/07/2007,203.5
25/07/2007,204
26/07/2007,211.5
27/07/2007,209.5
30/07/2007,205.25
31/07/2007,200.5
01/08/2007,200.5
02/08/2007,206
03/08/2007,210.5
06/08/2007,212
07/08/2007,216.5
08/08/2007,220.5
09/08/2007,226.25
10/08/2007,221
13/08/2007,221.5
14/08/2007,227
15/08/2007,230.5
16/08/2007,227.75
17/08/2007,227.5
20/08/2007,224.5
21/08/2007,227.5
22/08/2007,232.25
23/08/2007,237.25
24/08/2007,237.25
27/08/2007,235.5
28/08/2007,240
29/08/2007,243.5
30/08/2007,254
31/08/2007,256.25
03/09/2007,264.5
04/09/2007,282
05/09/2007,283
06/09/2007,271
07/09/2007,275
10/09/2007,281.25
11/09/2007,275.25
12/09/2007,276.5
13/09/2007,268
14/09/2007,265
17/09/2007,263.5
18/09/2007,265.25
19/09/2007,252
20/09/2007,249
21/09/2007,255
24/09/2007,260.25
25/09/2007,261
26/09/2007,261.5
27/09/2007,267
28/09/2007,268.25
01/10/2007,271
02/10/2007,264
03/10/2007,258.75
04/10/2007,256.5
05/10/2007,253.25
08/10/2007,235
09/10/2007,240
10/10/2007,242
11/10/2007,249
12/10/2007,246.25
15/10/2007,244.75
16/10/2007,237
17/10/2007,237
18/10/2007,236.75
19/10/2007,243
22/10/2007,242
23/10/2007,242
24/10/2007,233.5
25/10/2007,227
26/10/2007,230.75
29/10/2007,236.5
30/10/2007,232.5
31/10/2007,232
01/11/2007,229.5
02/11/2007,228.25
05/11/2007,227.5
06/11/2007,230.5
07/11/2007,230
08/11/2007,230.75
09/11/2007,228
12/11/2007,220.5
13/11/2007,214.75
14/11/2007,213.75
15/11/2007,216.5
16/11/2007,215.25
19/11/2007,216
20/11/2007,215.5
21/11/2007,221.75
22/11/2007,225.75
23/11/2007,228.25
26/11/2007,231.25
27/11/2007,234.5
28/11/2007,241
29/11/2007,250.5
30/11/2007,250
03/12/2007,246.5
04/12/2007,248
05/12/2007,246.25
06/12/2007,245
07/12/2007,252
10/12/2007,259.25
11/12/2007,257.75
12/12/2007,258.5
13/12/2007,261.5
14/12/2007,263.75
17/12/2007,267.25
18/12/2007,261.75
19/12/2007,265
20/12/2007,261
21/12/2007,256.75
24/12/2007,253
27/12/2007,253.75
28/12/2007,254.5
31/12/2007,251
02/01/2008,260
03/01/2008,263.25
04/01/2008,259
07/01/2008,254
08/01/2008,253
09/01/2008,246.5
10/01/2008,245
11/01/2008,247.5
14/01/2008,252
15/01/2008,248
16/01/2008,247
17/01/2008,252.75
18/01/2008,250.25
21/01/2008,252
22/01/2008,252.25
23/01/2008,250.5
24/01/2008,248
25/01/2008,252
28/01/2008,250.75
29/01/2008,247.75
30/01/2008,246
31/01/2008,244.5
01/02/2008,247
04/02/2008,252.25
05/02/2008,260.5
06/02/2008,273.75
07/02/2008,269.25
08/02/2008,280.5
11/02/2008,275
12/02/2008,264.5
13/02/2008,260.25
14/02/2008,267.75
15/02/2008,265
18/02/2008,265
19/02/2008,266.75
20/02/2008,266
21/02/2008,268
22/02/2008,273
25/02/2008,284.25
26/02/2008,284
27/02/2008,284.25
28/02/2008,284.5
29/02/2008,284
03/03/2008,292.75
04/03/2008,290
05/03/2008,290.5
06/03/2008,290
07/03/2008,290
10/03/2008,290
11/03/2008,284
12/03/2008,285.5
13/03/2008,286.75
14/03/2008,284
17/03/2008,281.5
18/03/2008,280.25
19/03/2008,273.25
20/03/2008,267
25/03/2008,272
26/03/2008,270.5
27/03/2008,260.25
28/03/2008,249.5
31/03/2008,233.5
01/04/2008,236.5
02/04/2008,239
03/04/2008,240.75
04/04/2008,244.5
07/04/2008,240.25
08/04/2008,237
09/04/2008,235
10/04/2008,235.5
11/04/2008,235.75
14/04/2008,234.75
15/04/2008,230.5
16/04/2008,226
17/04/2008,221.5
18/04/2008,212
21/04/2008,200.25
22/04/2008,204.75
23/04/2008,200.75
24/04/2008,197.25
25/04/2008,204
28/04/2008,206.5
29/04/2008,209.5
30/04/2008,211.5
02/05/2008,218
05/05/2008,214.5
06/05/2008,216.75
07/05/2008,218.5
08/05/2008,217.5
09/05/2008,216.25
12/05/2008,210
13/05/2008,198
14/05/2008,194.75
15/05/2008,191.5
16/05/2008,191.25
19/05/2008,190
20/05/2008,191.25
21/05/2008,190.25
22/05/2008,188
23/05/2008,185.75
26/05/2008,183.5
27/05/2008,184.5
28/05/2008,183
29/05/2008,180.5
30/05/2008,182
02/06/2008,185.75
03/06/2008,183.75
04/06/2008,182.5
05/06/2008,183
06/06/2008,187
09/06/2008,193
10/06/2008,192.25
11/06/2008,202.5
12/06/2008,205.5
13/06/2008,207.5
16/06/2008,212
17/06/2008,210
18/06/2008,211.75
19/06/2008,207
20/06/2008,204.5
23/06/2008,199.75
24/06/2008,199.25
25/06/2008,200.5
26/06/2008,207
27/06/2008,207
30/06/2008,197.5
01/07/2008,198.5
02/07/2008,200.5
03/07/2008,199.5
04/07/2008,200
07/07/2008,193
08/07/2008,194.5
09/07/2008,194.25
10/07/2008,194
11/07/2008,192.25
14/07/2008,191
15/07/2008,190
16/07/2008,189.5
17/07/2008,189
18/07/2008,189
21/07/2008,185.75
22/07/2008,185
23/07/2008,184.25
24/07/2008,185
25/07/2008,190
28/07/2008,192.5
29/07/2008,191.75
30/07/2008,191.5
31/07/2008,192.25
01/08/2008,189.5
04/08/2008,187
05/08/2008,186.25
06/08/2008,185
07/08/2008,185.25
08/08/2008,185.5
11/08/2008,189.5
12/08/2008,188
13/08/2008,196.5
14/08/2008,196.75
15/08/2008,194.5
18/08/2008,197
19/08/2008,198
20/08/2008,197
21/08/2008,198.5
22/08/2008,194.75
25/08/2008,193.5
26/08/2008,191.75
27/08/2008,188.75
28/08/2008,187.25
29/08/2008,186
01/09/2008,182
02/09/2008,178.25
03/09/2008,177.5
04/09/2008,177
05/09/2008,172.5
08/09/2008,171
09/09/2008,168.75
10/09/2008,170.25
11/09/2008,173
12/09/2008,173.25
15/09/2008,172
16/09/2008,169.75
17/09/2008,169.75
18/09/2008,168
19/09/2008,170
22/09/2008,172
23/09/2008,171.5
24/09/2008,171.5
25/09/2008,168.75
26/09/2008,165.75
29/09/2008,159.75
30/09/2008,161.25
01/10/2008,162.75
02/10/2008,160.5
03/10/2008,160
06/10/2008,155
07/10/2008,154.75
08/10/2008,149.5
09/10/2008,150
10/10/2008,142.75
13/10/2008,145.5
14/10/2008,147
15/10/2008,142.25
16/10/2008,138
17/10/2008,141
20/10/2008,142.25
21/10/2008,143.5
22/10/2008,144.75
23/10/2008,144
24/10/2008,141.75
27/10/2008,142.75
28/10/2008,142.75
29/10/2008,145.5
30/10/2008,144.75
31/10/2008,144
03/11/2008,145
04/11/2008,148
05/11/2008,146
06/11/2008,141
07/11/2008,140
10/11/2008,138
11/11/2008,139.75
12/11/2008,139.75
13/11/2008,140.5
14/11/2008,140.5
17/11/2008,139.75
18/11/2008,139.75
19/11/2008,139.5
20/11/2008,135.75
21/11/2008,133.5
24/11/2008,136
25/11/2008,135.5
26/11/2008,136.25
27/11/2008,135.5
28/11/2008,134.25
01/12/2008,130.5
02/12/2008,131
03/12/2008,130.75
04/12/2008,124.75
05/12/2008,123.5
08/12/2008,126.25
09/12/2008,126
10/12/2008,128.75
11/12/2008,127.75
12/12/2008,127
15/12/2008,128.25
16/12/2008,131
17/12/2008,129.5
18/12/2008,129.5
19/12/2008,131
22/12/2008,130.75
23/12/2008,131.75
24/12/2008,131.5
29/12/2008,137
30/12/2008,137.5
31/12/2008,137.25
02/01/2009,137
05/01/2009,141
06/01/2009,149.75
07/01/2009,145.75
08/01/2009,143.5
09/01/2009,147.5
12/01/2009,140
13/01/2009,145.5
14/01/2009,146.5
15/01/2009,146.25
16/01/2009,148.5
19/01/2009,151
20/01/2009,148.5
21/01/2009,147.5
22/01/2009,149.25
23/01/2009,152
26/01/2009,154
27/01/2009,152.75
28/01/2009,151.5
29/01/2009,149.5
30/01/2009,151
02/02/2009,148.75
03/02/2009,146.25
04/02/2009,146.25
05/02/2009,148.75
06/02/2009,150
09/02/2009,151.5
10/02/2009,150.5
11/02/2009,150.25
12/02/2009,149
13/02/2009,148.25
16/02/2009,147.75
17/02/2009,144
18/02/2009,141.75
19/02/2009,142.5
20/02/2009,140.75
23/02/2009,141
24/02/2009,138.75
25/02/2009,139.5
26/02/2009,139.25
27/02/2009,138
02/03/2009,135
03/03/2009,135.75
04/03/2009,137.25
05/03/2009,135.75
06/03/2009,137.5
09/03/2009,141.25
10/03/2009,139.75
11/03/2009,136.25
12/03/2009,137.5
13/03/2009,137
16/03/2009,138.75
17/03/2009,140
18/03/2009,138.25
19/03/2009,137.75
20/03/2009,137.75
23/03/2009,139
24/03/2009,136.5
25/03/2009,133.75
26/03/2009,132.25
27/03/2009,132.25
30/03/2009,132.25
31/03/2009,132
01/04/2009,133.25
02/04/2009,136.25
03/04/2009,137
06/04/2009,137.75
07/04/2009,138.75
08/04/2009,136.25
09/04/2009,136
14/04/2009,136
15/04/2009,135.75
16/04/2009,136.75
17/04/2009,139
20/04/2009,138.25
21/04/2009,141
22/04/2009,143.5
23/04/2009,145.75
24/04/2009,141.5
27/04/2009,139.5
28/04/2009,139.25
29/04/2009,140.5
30/04/2009,142
04/05/2009,145.75
05/05/2009,146.25
06/05/2009,146
07/05/2009,146
08/05/2009,146
11/05/2009,145
12/05/2009,147.5
13/05/2009,148.5
14/05/2009,149.5
15/05/2009,148
18/05/2009,148
19/05/2009,150.5
20/05/2009,150.75
21/05/2009,150.75
22/05/2009,152.5
25/05/2009,153
26/05/2009,149
27/05/2009,151.5
28/05/2009,151.75
29/05/2009,151.5
01/06/2009,155
02/06/2009,153
03/06/2009,146.75
04/06/2009,148.25
05/06/2009,147.25
08/06/2009,144
09/06/2009,147.5
10/06/2009,143.5
11/06/2009,143.5
12/06/2009,141.75
15/06/2009,140
16/06/2009,140
17/06/2009,140
18/06/2009,140
19/06/2009,139.75
22/06/2009,136.75
23/06/2009,137.75
24/06/2009,137
25/06/2009,136.5
26/06/2009,135.25
29/06/2009,138.5
30/06/2009,134
01/07/2009,134
02/07/2009,134
03/07/2009,133.5
06/07/2009,133.25
07/07/2009,133.25
08/07/2009,133.5
09/07/2009,136
10/07/2009,135.75
13/07/2009,137.25
14/07/2009,138.5
15/07/2009,139.5
16/07/2009,140.5
17/07/2009,140
20/07/2009,137
21/07/2009,135.75
22/07/2009,132
23/07/2009,130
24/07/2009,129.5
27/07/2009,127.5
28/07/2009,128.75
29/07/2009,127
30/07/2009,127
31/07/2009,127.5
03/08/2009,130
04/08/2009,129
05/08/2009,126
06/08/2009,122
07/08/2009,123
10/08/2009,123
11/08/2009,130.75
12/08/2009,131.25
13/08/2009,131.5
14/08/2009,130.25
17/08/2009,128.75
18/08/2009,128.25
19/08/2009,127.25
20/08/2009,126.5
21/08/2009,126.75
24/08/2009,129
25/08/2009,130.75
26/08/2009,129
27/08/2009,129.5
28/08/2009,128.5
31/08/2009,127
01/09/2009,126.25
02/09/2009,126.25
03/09/2009,126.5
04/09/2009,125.75
07/09/2009,123.75
08/09/2009,123
09/09/2009,121.5
10/09/2009,121.25
11/09/2009,120
14/09/2009,119.25
15/09/2009,121.25
16/09/2009,119.5
17/09/2009,120
18/09/2009,121.25
21/09/2009,120.5
22/09/2009,121
23/09/2009,122
24/09/2009,123.75
25/09/2009,123
28/09/2009,122.75
29/09/2009,122.5
30/09/2009,122.5
01/10/2009,123.75
02/10/2009,123
05/10/2009,123.5
06/10/2009,125.25
07/10/2009,125.75
08/10/2009,127.25
09/10/2009,126
12/10/2009,127.75
13/10/2009,128.25
14/10/2009,128
15/10/2009,126.75
16/10/2009,126.5
19/10/2009,127.5
20/10/2009,127.75
21/10/2009,129.75
22/10/2009,131.5
23/10/2009,132
26/10/2009,129
27/10/2009,127.75
28/10/2009,127.5
29/10/2009,129.75
30/10/2009,126.75
02/11/2009,127.5
03/11/2009,128
04/11/2009,128.5
05/11/2009,127
06/11/2009,126.75
09/11/2009,125.5
10/11/2009,124.75
11/11/2009,131
12/11/2009,131.75
13/11/2009,132
16/11/2009,133.5
17/11/2009,134.75
18/11/2009,134.25
19/11/2009,133.5
20/11/2009,133
23/11/2009,134.25
24/11/2009,131.75
25/11/2009,133.25
26/11/2009,131
27/11/2009,131.25
30/11/2009,131.5
01/12/2009,132.25
02/12/2009,131.5
03/12/2009,132
04/12/2009,131.25
07/12/2009,129.75
08/12/2009,128.75
09/12/2009,127.75
10/12/2009,128
11/12/2009,128.75
14/12/2009,130
15/12/2009,129.5
16/12/2009,129
17/12/2009,128
18/12/2009,128.25
21/12/2009,129.25
22/12/2009,129.25
23/12/2009,129
24/12/2009,128.75
28/12/2009,131.25
29/12/2009,131.25
30/12/2009,131.75
31/12/2009,131.25
04/01/2010,131.75
05/01/2010,130.75
06/01/2010,130.25
07/01/2010,128
08/01/2010,128.25
11/01/2010,126.5
12/01/2010,129.5
13/01/2010,128.75
14/01/2010,128.5
15/01/2010,127.25
18/01/2010,126
19/01/2010,125.75
20/01/2010,125.75
21/01/2010,127.25
22/01/2010,126.5
25/01/2010,127.25
26/01/2010,126.75
27/01/2010,125.75
28/01/2010,126
29/01/2010,125.5
01/02/2010,125.5
02/02/2010,126
03/02/2010,125.25
04/02/2010,125.5
05/02/2010,125
08/02/2010,126
09/02/2010,125.5
10/02/2010,125.5
11/02/2010,126
12/02/2010,125.75
15/02/2010,125.25
16/02/2010,125.5
17/02/2010,125
18/02/2010,123.5
19/02/2010,122.25
22/02/2010,122.5
23/02/2010,122.75
24/02/2010,123
25/02/2010,122.5
26/02/2010,122.25
01/03/2010,121.5
02/03/2010,120.25
03/03/2010,120.25
04/03/2010,119.5
05/03/2010,119.25
08/03/2010,116.75
09/03/2010,115.75
10/03/2010,116.25
11/03/2010,121.25
12/03/2010,121.75
15/03/2010,121.75
16/03/2010,122.25
17/03/2010,124
18/03/2010,125
19/03/2010,126.25
22/03/2010,126.75
23/03/2010,125.75
24/03/2010,125
25/03/2010,125.5
26/03/2010,125.75
29/03/2010,127
30/03/2010,127
31/03/2010,125.25
01/04/2010,125.5
06/04/2010,126.25
07/04/2010,126.5
08/04/2010,127.75
09/04/2010,127
12/04/2010,126.75
13/04/2010,127.25
14/04/2010,128
15/04/2010,128.75
16/04/2010,129.5
19/04/2010,128
20/04/2010,129.5
21/04/2010,131.5
22/04/2010,132.25
23/04/2010,131
26/04/2010,131.5
27/04/2010,130
28/04/2010,131.5
29/04/2010,132.25
30/04/2010,132
03/05/2010,131
04/05/2010,130.5
05/05/2010,129.25
06/05/2010,133
07/05/2010,134
10/05/2010,130.75
11/05/2010,134.25
12/05/2010,135.25
13/05/2010,134
14/05/2010,134.25
17/05/2010,135.25
18/05/2010,135
19/05/2010,135.5
20/05/2010,136.5
21/05/2010,139
24/05/2010,139
25/05/2010,136.75
26/05/2010,137.5
27/05/2010,135
28/05/2010,133
31/05/2010,131.75
01/06/2010,130.25
02/06/2010,129
03/06/2010,132.5
04/06/2010,132
07/06/2010,133.25
08/06/2010,133.25
09/06/2010,128
10/06/2010,130
11/06/2010,130
14/06/2010,130
15/06/2010,130
16/06/2010,130
17/06/2010,132
18/06/2010,132
21/06/2010,136.25
22/06/2010,130
23/06/2010,130.25
24/06/2010,130.25
25/06/2010,130
28/06/2010,130
29/06/2010,131.5
30/06/2010,136.5
01/07/2010,140
02/07/2010,141.75
05/07/2010,145.75
06/07/2010,148.75
07/07/2010,152.25
08/07/2010,158
09/07/2010,150
12/07/2010,150
13/07/2010,150
14/07/2010,154.75
15/07/2010,165
16/07/2010,160.75
19/07/2010,156.25
20/07/2010,156.25
21/07/2010,163.25
22/07/2010,167
23/07/2010,170
26/07/2010,168.25
27/07/2010,171.5
28/07/2010,180.25
29/07/2010,178.75
30/07/2010,186
02/08/2010,198.5
03/08/2010,204.25
04/08/2010,210
05/08/2010,224.5
06/08/2010,210.5
09/08/2010,214.25
10/08/2010,211
11/08/2010,206.75
12/08/2010,213
13/08/2010,214.5
16/08/2010,212
17/08/2010,205.25
18/08/2010,205.25
19/08/2010,212.75
20/08/2010,209.75
23/08/2010,214.25
24/08/2010,213.75
25/08/2010,214
26/08/2010,216.25
27/08/2010,220.5
30/08/2010,227.5
31/08/2010,227.75
01/09/2010,227.5
02/09/2010,229.5
03/09/2010,232
06/09/2010,231.75
07/09/2010,229.75
08/09/2010,226.75
09/09/2010,227.75
10/09/2010,230.5
13/09/2010,232
14/09/2010,230.75
15/09/2010,232.25
16/09/2010,228.75
17/09/2010,233.75
20/09/2010,233.75
21/09/2010,231.25
22/09/2010,227.75
23/09/2010,223.25
24/09/2010,224
27/09/2010,220.5
28/09/2010,210.75
29/09/2010,208.75
30/09/2010,208
01/10/2010,203.25
04/10/2010,199.25
05/10/2010,205.5
06/10/2010,204
07/10/2010,208
08/10/2010,223.75
11/10/2010,223.25
12/10/2010,220.5
13/10/2010,218.25
14/10/2010,213.5
15/10/2010,214.75
18/10/2010,213.75
19/10/2010,211
20/10/2010,211
21/10/2010,208.75
22/10/2010,209.5
25/10/2010,210.25
26/10/2010,215.75
27/10/2010,219
28/10/2010,223.75
29/10/2010,225
01/11/2010,222.75
02/11/2010,219
03/11/2010,218.5
04/11/2010,220.5
05/11/2010,225.25
08/11/2010,229.5
09/11/2010,231.5
10/11/2010,226.75
11/11/2010,221.25
12/11/2010,212.5
15/11/2010,218.75
16/11/2010,210
17/11/2010,212.75
18/11/2010,213.25
19/11/2010,212
22/11/2010,211
23/11/2010,214
24/11/2010,216
25/11/2010,218.25
26/11/2010,218.25
29/11/2010,222.25
30/11/2010,224
01/12/2010,229
02/12/2010,233.75
03/12/2010,235.25
06/12/2010,235.25
07/12/2010,232.25
08/12/2010,238.25
09/12/2010,240.25
10/12/2010,242
13/12/2010,241.5
14/12/2010,236
15/12/2010,238
16/12/2010,236
17/12/2010,236.25
20/12/2010,241
21/12/2010,244.75
22/12/2010,247.25
23/12/2010,248
24/12/2010,249.75
27/12/2010,249
28/12/2010,252.5
29/12/2010,252.5
30/12/2010,248
31/12/2010,252.5
03/01/2011,257
04/01/2011,253.5
05/01/2011,256.5
06/01/2011,257.75
07/01/2011,256
10/01/2011,258
11/01/2011,254
12/01/2011,255.5
13/01/2011,255.25
14/01/2011,251
17/01/2011,251.75
18/01/2011,255.75
19/01/2011,259.75
20/01/2011,258.75
21/01/2011,259.5
24/01/2011,261.25
25/01/2011,262.5
26/01/2011,266
27/01/2011,264.75
28/01/2011,266
31/01/2011,269
01/02/2011,269
02/02/2011,273
03/02/2011,275.75
04/02/2011,274.75
07/02/2011,277.75
08/02/2011,276
09/02/2011,278.5
10/02/2011,276
11/02/2011,273
14/02/2011,274.75
15/02/2011,266.5
16/02/2011,261.5
17/02/2011,264
18/02/2011,262.75
21/02/2011,260
22/02/2011,246.75
23/02/2011,246.5
24/02/2011,247
25/02/2011,259
28/02/2011,257.5
01/03/2011,257.25
02/03/2011,257
03/03/2011,254.5
04/03/2011,253
07/03/2011,248.5
08/03/2011,243.25
09/03/2011,238.25
10/03/2011,234
11/03/2011,223
14/03/2011,216.75
15/03/2011,203
16/03/2011,206.25
17/03/2011,223.75
18/03/2011,231.75
21/03/2011,226
22/03/2011,225
23/03/2011,224.5
24/03/2011,229.75
25/03/2011,236.75
28/03/2011,242.25
29/03/2011,240.5
30/03/2011,236.5
31/03/2011,240
01/04/2011,239.75
04/04/2011,246
05/04/2011,250.25
06/04/2011,250.5
07/04/2011,249.75
08/04/2011,247.25
11/04/2011,248.25
12/04/2011,240.25
13/04/2011,240.25
14/04/2011,237.75
15/04/2011,238.25
18/04/2011,246
19/04/2011,251.25
20/04/2011,253.75
21/04/2011,252.25
26/04/2011,253.5
27/04/2011,245.75
28/04/2011,240.5
29/04/2011,244.5
02/05/2011,247
03/05/2011,248.75
04/05/2011,247.25
05/05/2011,244.25
06/05/2011,240
09/05/2011,267.75
10/05/2011,265
11/05/2011,230
12/05/2011,230
13/05/2011,230
16/05/2011,230
17/05/2011,230
18/05/2011,240.5
19/05/2011,242.5
20/05/2011,243.25
23/05/2011,243
24/05/2011,239.5
25/05/2011,243
26/05/2011,251
27/05/2011,249.25
30/05/2011,237
31/05/2011,236
01/06/2011,234.5
02/06/2011,235.75
03/06/2011,234.25
06/06/2011,227.75
07/06/2011,222.75
08/06/2011,231.25
09/06/2011,232.75
10/06/2011,228.5
13/06/2011,221.25
14/06/2011,216
15/06/2011,212.5
16/06/2011,213.25
17/06/2011,210.25
20/06/2011,209
21/06/2011,210.25
22/06/2011,194.5
23/06/2011,196
24/06/2011,196.5
27/06/2011,188.25
28/06/2011,195.25
29/06/2011,200
30/06/2011,185
01/07/2011,188.25
04/07/2011,193.5
05/07/2011,198
06/07/2011,195
07/07/2011,191
08/07/2011,195.25
11/07/2011,191.25
12/07/2011,191.75
13/07/2011,198
14/07/2011,195
15/07/2011,197
18/07/2011,192.5
19/07/2011,198
20/07/2011,195.75
21/07/2011,190.75
22/07/2011,194
25/07/2011,192.25
26/07/2011,195.25
27/07/2011,197
28/07/2011,201
29/07/2011,198.75
01/08/2011,198.5
02/08/2011,196.5
03/08/2011,200.25
04/08/2011,197.75
05/08/2011,196.5
08/08/2011,191.5
09/08/2011,194.75
10/08/2011,200
11/08/2011,197.5
12/08/2011,198.75
15/08/2011,199.5
16/08/2011,199
17/08/2011,200
18/08/2011,197.5
19/08/2011,201.75
22/08/2011,203.25
23/08/2011,207.75
24/08/2011,206.75
25/08/2011,208.75
26/08/2011,210.25
29/08/2011,214
30/08/2011,210.75
31/08/2011,211.25
01/09/2011,208.75
02/09/2011,208.25
05/09/2011,206.75
06/09/2011,205.75
07/09/2011,206.5
08/09/2011,205.5
09/09/2011,206.75
12/09/2011,208
13/09/2011,203
14/09/2011,202
15/09/2011,196.75
16/09/2011,197
19/09/2011,195.5
20/09/2011,196
21/09/2011,196.75
22/09/2011,192
23/09/2011,191.5
26/09/2011,192.25
27/09/2011,194.5
28/09/2011,191
29/09/2011,190.75
30/09/2011,183.5
03/10/2011,185.25
04/10/2011,182.25
05/10/2011,185.25
06/10/2011,186.75
07/10/2011,183.5
10/10/2011,184
11/10/2011,191.75
12/10/2011,185.75
13/10/2011,183
14/10/2011,184.75
17/10/2011,184.5
18/10/2011,185.75
19/10/2011,186
20/10/2011,185.5
21/10/2011,187.75
24/10/2011,188.75
25/10/2011,189.25
26/10/2011,186.5
27/10/2011,186.75
28/10/2011,186.75
31/10/2011,187
01/11/2011,187.75
02/11/2011,189.5
03/11/2011,193.75
04/11/2011,195.5
07/11/2011,196
08/11/2011,202.75
09/11/2011,187.5
10/11/2011,188.5
11/11/2011,184.5
14/11/2011,182.75
15/11/2011,185
16/11/2011,186.5
17/11/2011,183
18/11/2011,182
21/11/2011,180
22/11/2011,181.25
23/11/2011,179
24/11/2011,178.75
25/11/2011,181
28/11/2011,180.25
29/11/2011,181.25
30/11/2011,178.5
01/12/2011,179.25
02/12/2011,181.25
05/12/2011,179.75
06/12/2011,179.75
07/12/2011,180
08/12/2011,179.75
09/12/2011,179.5
12/12/2011,179.25
13/12/2011,180.75
14/12/2011,180.75
15/12/2011,181.75
16/12/2011,183.5
19/12/2011,188.5
20/12/2011,191.25
21/12/2011,193.75
22/12/2011,195.25
23/12/2011,195
27/12/2011,197
28/12/2011,200.5
29/12/2011,203.25
30/12/2011,202.5
02/01/2012,206.5
03/01/2012,209
04/01/2012,202.75
05/01/2012,196.75
06/01/2012,201
09/01/2012,202.75
10/01/2012,203.25
11/01/2012,201.25
12/01/2012,194
13/01/2012,197
16/01/2012,198.25
17/01/2012,200
18/01/2012,197.5
19/01/2012,198.5
20/01/2012,198.5
23/01/2012,201.5
24/01/2012,205.75
25/01/2012,208
26/01/2012,209.25
27/01/2012,209
30/01/2012,209
31/01/2012,215.5
01/02/2012,216.75
02/02/2012,215.75
03/02/2012,217.25
06/02/2012,222.25
07/02/2012,221.5
08/02/2012,216
09/02/2012,213
10/02/2012,210.5
13/02/2012,206.75
14/02/2012,211
15/02/2012,209
16/02/2012,212.75
17/02/2012,217.25
20/02/2012,217
21/02/2012,211.75
22/02/2012,212
23/02/2012,209.75
24/02/2012,207.5
27/02/2012,206
28/02/2012,210
29/02/2012,213
01/03/2012,214.5
02/03/2012,217
05/03/2012,220.5
06/03/2012,216.75
07/03/2012,214.5
08/03/2012,213.5
09/03/2012,220
12/03/2012,217.5
13/03/2012,211.5
14/03/2012,210.75
15/03/2012,214.25
16/03/2012,213.75
19/03/2012,210.5
20/03/2012,208.75
21/03/2012,208.75
22/03/2012,210.25
23/03/2012,214
26/03/2012,217.25
27/03/2012,213.25
28/03/2012,211.25
29/03/2012,207.25
30/03/2012,212.75
02/04/2012,213
03/04/2012,211.5
04/04/2012,209.25
05/04/2012,211.25
10/04/2012,208.5
11/04/2012,208.75
12/04/2012,209.75
13/04/2012,209
16/04/2012,209.25
17/04/2012,211.75
18/04/2012,214.75
19/04/2012,216.75
20/04/2012,216.5
23/04/2012,215
24/04/2012,214.5
25/04/2012,212.5
26/04/2012,211
27/04/2012,213.75
30/04/2012,216.5
02/05/2012,217.75
03/05/2012,217.5
04/05/2012,220
07/05/2012,216.75
08/05/2012,217
09/05/2012,228.5
10/05/2012,215.75
11/05/2012,197.5
14/05/2012,197.5
15/05/2012,197.5
16/05/2012,201.25
17/05/2012,205
18/05/2012,213
21/05/2012,212.75
22/05/2012,212.75
23/05/2012,212.75
24/05/2012,212.75
25/05/2012,212.75
28/05/2012,212.75
29/05/2012,212.75
30/05/2012,208
31/05/2012,208
01/06/2012,208
04/06/2012,208
05/06/2012,208
06/06/2012,208
07/06/2012,208
08/06/2012,208
11/06/2012,208
12/06/2012,205.25
13/06/2012,205.25
14/06/2012,205.25
15/06/2012,203
18/06/2012,206.75
19/06/2012,208
20/06/2012,210.25
21/06/2012,212
22/06/2012,214.25
25/06/2012,220
26/06/2012,226.5
27/06/2012,229.75
28/06/2012,229.75
29/06/2012,229
02/07/2012,234.25
03/07/2012,234
04/07/2012,236
05/07/2012,245
06/07/2012,243.25
09/07/2012,247
10/07/2012,248
11/07/2012,246.25
12/07/2012,253.75
13/07/2012,258.25
16/07/2012,264.25
17/07/2012,265.75
18/07/2012,261.25
19/07/2012,267
20/07/2012,269.25
23/07/2012,264.75
24/07/2012,250.5
25/07/2012,260
26/07/2012,255.5
27/07/2012,257.25
30/07/2012,261.75
31/07/2012,260
01/08/2012,255.25
02/08/2012,256
03/08/2012,260.5
06/08/2012,258
07/08/2012,258.25
08/08/2012,259.25
09/08/2012,265
10/08/2012,263.5
13/08/2012,257.25
14/08/2012,255
15/08/2012,256.25
16/08/2012,259.75
17/08/2012,262.75
20/08/2012,263
21/08/2012,267.75
22/08/2012,266.75
23/08/2012,264
24/08/2012,260.25
27/08/2012,260.25
28/08/2012,260.75
29/08/2012,265
30/08/2012,266.75
31/08/2012,263.75
03/09/2012,264.5
04/09/2012,262.75
05/09/2012,260
06/09/2012,261.5
07/09/2012,265
10/09/2012,265.25
11/09/2012,263.5
12/09/2012,260.75
13/09/2012,264.25
14/09/2012,266.5
17/09/2012,260.25
18/09/2012,259
19/09/2012,261
20/09/2012,261.25
21/09/2012,263.75
24/09/2012,260.5
25/09/2012,261.25
26/09/2012,261.25
27/09/2012,258
28/09/2012,265.75
01/10/2012,262.5
02/10/2012,259.25
03/10/2012,258
04/10/2012,260.25
05/10/2012,259
08/10/2012,259.75
09/10/2012,261.25
10/10/2012,261.25
11/10/2012,263.5
12/10/2012,258.75
15/10/2012,259
16/10/2012,257.5
17/10/2012,256.5
18/10/2012,259.75
19/10/2012,262.75
22/10/2012,263
23/10/2012,263.25
24/10/2012,266.75
25/10/2012,262.75
26/10/2012,264.25
29/10/2012,263
30/10/2012,262.25
31/10/2012,265.25
01/11/2012,267.75
02/11/2012,269.25
05/11/2012,271
06/11/2012,274
07/11/2012,276
08/11/2012,278.25
09/11/2012,280.5
12/11/2012,272.75
13/11/2012,268
14/11/2012,270.25
15/11/2012,269.25
16/11/2012,269.25
19/11/2012,270.25
20/11/2012,270.25
21/11/2012,269.25
22/11/2012,270.25
23/11/2012,269.75
26/11/2012,269.75
27/11/2012,273.25
28/11/2012,276
29/11/2012,273.75
30/11/2012,269.5
03/12/2012,269.25
04/12/2012,266.75
05/12/2012,268.75
06/12/2012,267.75
07/12/2012,268.75
10/12/2012,266.5
11/12/2012,261.75
12/12/2012,261.25
13/12/2012,255.75
14/12/2012,260.25
17/12/2012,257.75
18/12/2012,255.75
19/12/2012,254.75
20/12/2012,249
21/12/2012,254.5
24/12/2012,255.5
27/12/2012,249.75
28/12/2012,251.25
31/12/2012,250.25
02/01/2013,251.25
03/01/2013,253.5
04/01/2013,251
07/01/2013,250.5
08/01/2013,254.75
09/01/2013,254.5
10/01/2013,248.25
11/01/2013,244.75
14/01/2013,249.5
15/01/2013,252.5
16/01/2013,250.5
17/01/2013,248
18/01/2013,248
21/01/2013,251.5
22/01/2013,253
23/01/2013,251.5
24/01/2013,246.75
25/01/2013,247.25
28/01/2013,247.25
29/01/2013,247.5
30/01/2013,248
31/01/2013,247.75
01/02/2013,248.5
04/02/2013,247.5
05/02/2013,246.25
06/02/2013,246
07/02/2013,245
08/02/2013,245.75
11/02/2013,246.25
12/02/2013,241.75
13/02/2013,242.25
14/02/2013,242.5
15/02/2013,244.25
18/02/2013,245.75
19/02/2013,245
20/02/2013,243.75
21/02/2013,242.5
22/02/2013,243
25/02/2013,239.75
26/02/2013,242.75
27/02/2013,246.5
28/02/2013,248.25
01/03/2013,250
04/03/2013,247.25
05/03/2013,246.25
06/03/2013,241.25
07/03/2013,238.25
08/03/2013,234
11/03/2013,237.5
12/03/2013,232.5
13/03/2013,233
14/03/2013,234.5
15/03/2013,234.75
18/03/2013,234.75
19/03/2013,238.5
20/03/2013,243.25
21/03/2013,241.5
22/03/2013,241.25
25/03/2013,243.25
26/03/2013,245
27/03/2013,246.75
28/03/2013,238.75
02/04/2013,236.75
03/04/2013,240.5
04/04/2013,244.25
05/04/2013,243.75
08/04/2013,245.75
09/04/2013,245
10/04/2013,245.25
11/04/2013,245.5
12/04/2013,249.5
15/04/2013,246
16/04/2013,246.25
17/04/2013,246.75
18/04/2013,245
19/04/2013,245.5
22/04/2013,243.75
23/04/2013,241
24/04/2013,239.75
25/04/2013,241.5
26/04/2013,242.5
29/04/2013,248.25
30/04/2013,252.25
02/05/2013,253
03/05/2013,248.75
06/05/2013,245.75
07/05/2013,245.75
08/05/2013,242.25
09/05/2013,245.25
10/05/2013,247
13/05/2013,210.25
14/05/2013,210
15/05/2013,210.25
16/05/2013,208.5
17/05/2013,206.25
20/05/2013,203.25
21/05/2013,204
22/05/2013,206
23/05/2013,207.75
24/05/2013,204.75
27/05/2013,204
28/05/2013,205
29/05/2013,204.5
30/05/2013,204.5
31/05/2013,206
03/06/2013,207.75
04/06/2013,207.5
05/06/2013,206
06/06/2013,204.25
07/06/2013,203.75
10/06/2013,201.5
11/06/2013,201.75
12/06/2013,197.5
13/06/2013,197.75
14/06/2013,196.25
17/06/2013,195.75
18/06/2013,196.75
19/06/2013,199.75
20/06/2013,200
21/06/2013,200.5
24/06/2013,196.5
25/06/2013,196.75
26/06/2013,197.25
27/06/2013,196.75
28/06/2013,193.75
01/07/2013,194
02/07/2013,193.25
03/07/2013,194.75
04/07/2013,196.75
05/07/2013,194.75
08/07/2013,193.5
09/07/2013,196.75
10/07/2013,197.5
11/07/2013,199.25
12/07/2013,197.75
15/07/2013,194
16/07/2013,194
17/07/2013,194.5
18/07/2013,194.25
19/07/2013,194.25
22/07/2013,192.5
23/07/2013,190.25
24/07/2013,190.25
25/07/2013,188.5
26/07/2013,187.75
29/07/2013,186.25
30/07/2013,187.5
31/07/2013,189.75
01/08/2013,187.25
02/08/2013,186.5
05/08/2013,184
06/08/2013,184.25
07/08/2013,183.25
08/08/2013,183
09/08/2013,183
12/08/2013,183.25
13/08/2013,183.75
14/08/2013,182
15/08/2013,185.75
16/08/2013,183.75
19/08/2013,184.5
20/08/2013,184.5
21/08/2013,185.5
22/08/2013,185.25
23/08/2013,185.5
26/08/2013,191.75
27/08/2013,191.75
28/08/2013,189.25
29/08/2013,188.25
30/08/2013,187.25
02/09/2013,190
03/09/2013,188.75
04/09/2013,187.75
05/09/2013,187.5
06/09/2013,188.75
09/09/2013,187.25
10/09/2013,187.75
11/09/2013,188
12/09/2013,186.75
13/09/2013,186.25
16/09/2013,185
17/09/2013,184.75
18/09/2013,185
19/09/2013,185.75
20/09/2013,185.75
23/09/2013,187
24/09/2013,187.5
25/09/2013,190.75
26/09/2013,191.25
27/09/2013,193.5
30/09/2013,193.25
01/10/2013,190.25
02/10/2013,192.75
03/10/2013,195
04/10/2013,194.5
07/10/2013,196.25
08/10/2013,196.25
09/10/2013,197.5
10/10/2013,198.75
11/10/2013,199.25
14/10/2013,198.75
15/10/2013,199.5
16/10/2013,198.25
17/10/2013,199.5
18/10/2013,204.5
21/10/2013,204.75
22/10/2013,205
23/10/2013,207.5
24/10/2013,204.75
25/10/2013,205
28/10/2013,202.5
29/10/2013,202
30/10/2013,201.75
31/10/2013,204
01/11/2013,207.75
04/11/2013,204.5
05/11/2013,202
06/11/2013,202
07/11/2013,203
08/11/2013,201.5
11/11/2013,202.25
12/11/2013,204
13/11/2013,203.25
14/11/2013,205.25
15/11/2013,204.5
18/11/2013,204
19/11/2013,203.75
20/11/2013,205.5
21/11/2013,206.75
22/11/2013,206.5
25/11/2013,207.25
26/11/2013,206
27/11/2013,207.5
28/11/2013,208.75
29/11/2013,209.75
02/12/2013,210
03/12/2013,211.5
04/12/2013,213
05/12/2013,211.75
06/12/2013,210
09/12/2013,209
10/12/2013,205.75
11/12/2013,206.5
12/12/2013,205.75
13/12/2013,208.5
16/12/2013,208
17/12/2013,208
18/12/2013,207.5
19/12/2013,208.5
20/12/2013,210.75
23/12/2013,211.25
24/12/2013,211
27/12/2013,208.75
30/12/2013,209.25
31/12/2013,209
02/01/2014,208
03/01/2014,208
06/01/2014,208.75
07/01/2014,206.25
08/01/2014,204
09/01/2014,199.25
10/01/2014,194.75
13/01/2014,195
14/01/2014,195
15/01/2014,193
16/01/2014,192.5
17/01/2014,191.75
20/01/2014,190.75
21/01/2014,192.25
22/01/2014,193
23/01/2014,193.75
24/01/2014,192.75
27/01/2014,194.25
28/01/2014,192.75
29/01/2014,190
30/01/2014,190.25
31/01/2014,192.5
03/02/2014,192
04/02/2014,194.25
05/02/2014,194
06/02/2014,194
07/02/2014,194.75
10/02/2014,194.75
11/02/2014,195.75
12/02/2014,195.75
13/02/2014,196.5
14/02/2014,198.5
17/02/2014,198.25
18/02/2014,199
19/02/2014,199
20/02/2014,198.75
21/02/2014,198.25
24/02/2014,198.5
25/02/2014,199
26/02/2014,200.25
27/02/2014,201.75
28/02/2014,201.25
03/03/2014,208.5
04/03/2014,207.25
05/03/2014,207.75
06/03/2014,208.25
07/03/2014,215.25
10/03/2014,208.5
11/03/2014,210.25
12/03/2014,213.5
13/03/2014,211.5
14/03/2014,211.5
17/03/2014,207.75
18/03/2014,208.75
19/03/2014,213.25
20/03/2014,211.25
21/03/2014,210.75
24/03/2014,213.75
25/03/2014,213
26/03/2014,210.5
27/03/2014,211.5
28/03/2014,209.75
31/03/2014,207.75
01/04/2014,208
02/04/2014,206.5
03/04/2014,206.75
04/04/2014,206.5
07/04/2014,207.25
08/04/2014,208.25
09/04/2014,209
10/04/2014,208.25
11/04/2014,209.75
14/04/2014,214
15/04/2014,221.25
16/04/2014,218.5
17/04/2014,217.5
22/04/2014,214.75
23/04/2014,214.75
24/04/2014,216
25/04/2014,217.25
28/04/2014,215
29/04/2014,214.75
30/04/2014,215.25
02/05/2014,215.25
05/05/2014,216.75
06/05/2014,215.5
07/05/2014,211
08/05/2014,208
09/05/2014,207.25
12/05/2014,202.25
13/05/2014,203.5
14/05/2014,201
15/05/2014,199
16/05/2014,192
19/05/2014,197.25
20/05/2014,199.75
21/05/2014,198.75
22/05/2014,197.25
23/05/2014,195.25
26/05/2014,192.75
27/05/2014,193
28/05/2014,192.5
29/05/2014,191.5
30/05/2014,189.25
02/06/2014,189.25
03/06/2014,191.25
04/06/2014,191.25
05/06/2014,191
06/06/2014,191
09/06/2014,187.5
10/06/2014,190.25
11/06/2014,189.25
12/06/2014,187.75
13/06/2014,187.25
16/06/2014,186.25
17/06/2014,186.25
18/06/2014,188.5
19/06/2014,188.25
20/06/2014,188.25
23/06/2014,188.5
24/06/2014,186.5
25/06/2014,185.5
26/06/2014,186.75
27/06/2014,187.75
30/06/2014,185.75
01/07/2014,184.25
02/07/2014,184.25
03/07/2014,184.25
04/07/2014,184.5
07/07/2014,182.5
08/07/2014,183.25
09/07/2014,181.75
10/07/2014,181.75
11/07/2014,180.5
14/07/2014,178.75
15/07/2014,177
16/07/2014,179
17/07/2014,183
18/07/2014,179.25
21/07/2014,176.25
22/07/2014,178
23/07/2014,179.5
24/07/2014,181
25/07/2014,179.75
28/07/2014,178.25
29/07/2014,175
30/07/2014,175.5
31/07/2014,170.5
01/08/2014,171.75
04/08/2014,173.25
05/08/2014,174.75
06/08/2014,178.25
07/08/2014,176.25
08/08/2014,174.25
11/08/2014,172.25
12/08/2014,172
13/08/2014,171.25
14/08/2014,170.75
15/08/2014,173.75
18/08/2014,171.75
19/08/2014,172.5
20/08/2014,171.25
21/08/2014,171.5
22/08/2014,173.75
25/08/2014,173.5
26/08/2014,172.75
27/08/2014,173.5
28/08/2014,175
29/08/2014,174.25
01/09/2014,173.75
02/09/2014,173.5
03/09/2014,171
04/09/2014,170.75
05/09/2014,172
08/09/2014,170.25
09/09/2014,169.25
10/09/2014,167.25
11/09/2014,164
12/09/2014,162.75
15/09/2014,161.5
16/09/2014,162
17/09/2014,161.5
18/09/2014,159
19/09/2014,153.5
22/09/2014,151.25
23/09/2014,150.25
24/09/2014,152.75
25/09/2014,150.75
26/09/2014,152
29/09/2014,153.75
30/09/2014,152.75
01/10/2014,154.75
02/10/2014,158
03/10/2014,158.5
06/10/2014,160.25
07/10/2014,162.75
08/10/2014,160.25
09/10/2014,157.25
10/10/2014,158.75
13/10/2014,157.5
14/10/2014,158.5
15/10/2014,158
16/10/2014,159.5
17/10/2014,160
20/10/2014,159.75
21/10/2014,164
22/10/2014,167.75
23/10/2014,170.25
24/10/2014,165.75
27/10/2014,165
28/10/2014,169.5
29/10/2014,173.5
30/10/2014,172
31/10/2014,172.25
03/11/2014,172
04/11/2014,169
05/11/2014,167.75
06/11/2014,165.75
07/11/2014,162.75
10/11/2014,158.5
11/11/2014,171
12/11/2014,174.75
13/11/2014,176
14/11/2014,176.5
17/11/2014,173.5
18/11/2014,173.25
19/11/2014,172.5
20/11/2014,174.75
21/11/2014,177.75
24/11/2014,178.75
25/11/2014,180.5
26/11/2014,182.25
27/11/2014,180.5
28/11/2014,184.25
01/12/2014,188.25
02/12/2014,190
03/12/2014,187
04/12/2014,186.25
05/12/2014,188
08/12/2014,189
09/12/2014,186.5
10/12/2014,184.25
11/12/2014,184.25
12/12/2014,188.75
15/12/2014,190
16/12/2014,195
17/12/2014,198.75
18/12/2014,200.25
19/12/2014,196
22/12/2014,198.5
23/12/2014,200.25
24/12/2014,201
29/12/2014,200
30/12/2014,200.25
31/12/2014,200
02/01/2015,198
05/01/2015,198.75
06/01/2015,197
07/01/2015,195.75
08/01/2015,190.75
09/01/2015,194.75
12/01/2015,192.25
13/01/2015,195.5
14/01/2015,192
15/01/2015,194.25
16/01/2015,197.5
19/01/2015,196
20/01/2015,196.5
21/01/2015,197.75
22/01/2015,198
23/01/2015,198.5
26/01/2015,196.5
27/01/2015,193.25
28/01/2015,187.5
29/01/2015,187.75
30/01/2015,185.5
02/02/2015,183
03/02/2015,186.5
04/02/2015,186.5
05/02/2015,187
06/02/2015,188.25
09/02/2015,187.25
10/02/2015,185
11/02/2015,185.75
12/02/2015,184.5
13/02/2015,187
16/02/2015,188.75
17/02/2015,188
18/02/2015,185.75
19/02/2015,187.25
20/02/2015,185.75
23/02/2015,184.75
24/02/2015,185.75
25/02/2015,184.5
26/02/2015,185.5
27/02/2015,187.5
02/03/2015,184.75
03/03/2015,185.25
04/03/2015,184.5
05/03/2015,182.75
06/03/2015,181
09/03/2015,184.25
10/03/2015,178.25
11/03/2015,188
12/03/2015,190
13/03/2015,190.25
16/03/2015,192.75
17/03/2015,193
18/03/2015,192.25
19/03/2015,194.5
20/03/2015,196.75
23/03/2015,195.5
24/03/2015,192.5
25/03/2015,191.25
26/03/2015,188.5
27/03/2015,188.75
30/03/2015,191.25
31/03/2015,187.5
01/04/2015,190.75
02/04/2015,193.75
07/04/2015,191.5
08/04/2015,190
09/04/2015,189.25
10/04/2015,190.25
13/04/2015,187.75
14/04/2015,186.75
15/04/2015,185.25
16/04/2015,183.25
17/04/2015,182.75
20/04/2015,182.75
21/04/2015,182.75
22/04/2015,183.5
23/04/2015,185
24/04/2015,183
27/04/2015,179.5
28/04/2015,177.75
29/04/2015,178.25
30/04/2015,178
04/05/2015,176.25
05/05/2015,171
06/05/2015,171
07/05/2015,161.5
08/05/2015,156
11/05/2015,152.25
12/05/2015,173.5
13/05/2015,171
14/05/2015,176
15/05/2015,174.5
18/05/2015,180
19/05/2015,178.25
20/05/2015,180.5
21/05/2015,185
22/05/2015,182.5
25/05/2015,182.5
26/05/2015,181
27/05/2015,178.75
28/05/2015,179
29/05/2015,176
01/06/2015,180.75
02/06/2015,182.5
03/06/2015,182
04/06/2015,183.5
05/06/2015,184.5
08/06/2015,186.25
09/06/2015,186
10/06/2015,183.5
11/06/2015,180.25
12/06/2015,180.25
15/06/2015,176.25
16/06/2015,176.75
17/06/2015,178.5
18/06/2015,178.25
19/06/2015,178.5
22/06/2015,181.5
23/06/2015,184.5
24/06/2015,184.25
25/06/2015,185.5
26/06/2015,194.25
29/06/2015,198.5
30/06/2015,201.25
01/07/2015,201
02/07/2015,205
03/07/2015,204
06/07/2015,204.25
07/07/2015,200.25
08/07/2015,196
09/07/2015,196.75
10/07/2015,197.5
13/07/2015,193.5
14/07/2015,192.5
15/07/2015,191.25
16/07/2015,194.5
17/07/2015,192.75
20/07/2015,189.75
21/07/2015,188.75
22/07/2015,186.5
23/07/2015,186.5
24/07/2015,185.75
27/07/2015,181.5
28/07/2015,182.25
29/07/2015,179.75
30/07/2015,181.5
31/07/2015,180.5
03/08/2015,178.25
04/08/2015,178.25
05/08/2015,178.75
06/08/2015,180.25
07/08/2015,179.75
10/08/2015,183
11/08/2015,178.5
12/08/2015,176.25
13/08/2015,177.5
14/08/2015,176
17/08/2015,175.75
18/08/2015,173.75
19/08/2015,170.5
20/08/2015,169
21/08/2015,166.75
24/08/2015,163.5
25/08/2015,165.5
26/08/2015,162.75
27/08/2015,163
28/08/2015,162.75
31/08/2015,160.25
01/09/2015,157.25
02/09/2015,153
03/09/2015,146.75
04/09/2015,147.75
07/09/2015,149
08/09/2015,150
09/09/2015,148
10/09/2015,148.75
11/09/2015,167.75
14/09/2015,170.75
15/09/2015,169.5
16/09/2015,168.25
17/09/2015,167
18/09/2015,167.25
21/09/2015,170.25
22/09/2015,171.5
23/09/2015,174.75
24/09/2015,172.75
25/09/2015,176.5
28/09/2015,175.75
29/09/2015,173.75
30/09/2015,174.5
01/10/2015,176.25
02/10/2015,175.75
05/10/2015,176.25
06/10/2015,179.25
07/10/2015,178.25
08/10/2015,179
09/10/2015,179.5
12/10/2015,179.75
13/10/2015,180
14/10/2015,177.5
15/10/2015,177.5
16/10/2015,176.25
19/10/2015,175
20/10/2015,175.5
21/10/2015,175.75
22/10/2015,177.75
23/10/2015,179
26/10/2015,181
27/10/2015,179.5
28/10/2015,178
29/10/2015,180.75
30/10/2015,180.75
02/11/2015,179.75
03/11/2015,180.25
04/11/2015,184.5
05/11/2015,183.75
06/11/2015,185.75
09/11/2015,183.75
10/11/2015,180.75
11/11/2015,181.5
12/11/2015,179.25
13/11/2015,177
16/11/2015,176
17/11/2015,175.25
18/11/2015,176.5
19/11/2015,176.5
20/11/2015,176.25
23/11/2015,177.25
24/11/2015,176
25/11/2015,177.75
26/11/2015,177
27/11/2015,176.25
30/11/2015,176.75
01/12/2015,176.5
02/12/2015,176.75
03/12/2015,174
04/12/2015,173
07/12/2015,171.75
08/12/2015,168.75
09/12/2015,166
10/12/2015,165
11/12/2015,176.25
14/12/2015,175.5
15/12/2015,178.75
16/12/2015,175
17/12/2015,175
18/12/2015,176.25
21/12/2015,174.75
22/12/2015,174
23/12/2015,173.5
24/12/2015,174
28/12/2015,173
29/12/2015,174
30/12/2015,174.75
31/12/2015,173.5
04/01/2016,171
05/01/2016,170.75
06/01/2016,171.5
07/01/2016,169.5
08/01/2016,171.5
11/01/2016,169.25
12/01/2016,170.75
13/01/2016,168.25
14/01/2016,166.25
15/01/2016,165.25
18/01/2016,165.5
19/01/2016,165.5
20/01/2016,163.5
21/01/2016,164
22/01/2016,164.25
25/01/2016,167
26/01/2016,168.5
27/01/2016,165.75
28/01/2016,164.5
29/01/2016,163.75
01/02/2016,161
02/02/2016,160
03/02/2016,159.25
04/02/2016,158.75
05/02/2016,156.25
08/02/2016,153.25
09/02/2016,151
10/02/2016,153.75
11/02/2016,153.25
12/02/2016,155
15/02/2016,155.5
16/02/2016,153.25
17/02/2016,153.25
18/02/2016,152.75
19/02/2016,152
22/02/2016,153
23/02/2016,150.25
24/02/2016,145.75
25/02/2016,145.75
26/02/2016,145.5
29/02/2016,147.25
01/03/2016,145
02/03/2016,143.5
03/03/2016,144.25
04/03/2016,140.75
07/03/2016,143
08/03/2016,144.25
09/03/2016,144.5
10/03/2016,146.5
11/03/2016,154.75
14/03/2016,156.25
15/03/2016,157.25
16/03/2016,157
17/03/2016,153.5
18/03/2016,152
21/03/2016,153.25
22/03/2016,155.75
23/03/2016,155
24/03/2016,156.5
29/03/2016,159
30/03/2016,155.25
31/03/2016,152.75
01/04/2016,154
04/04/2016,155.75
05/04/2016,156.5
06/04/2016,153.75
07/04/2016,153.25
08/04/2016,154.25
11/04/2016,151.75
12/04/2016,153
13/04/2016,155.25
14/04/2016,153.75
15/04/2016,151.25
18/04/2016,151
19/04/2016,152
20/04/2016,155.25
21/04/2016,153.25
22/04/2016,150.5
25/04/2016,152.25
26/04/2016,151.5
27/04/2016,151.25
28/04/2016,153
29/04/2016,151.5
02/05/2016,151
03/05/2016,150.25
04/05/2016,150.5
05/05/2016,150.5
06/05/2016,151
09/05/2016,146.75
10/05/2016,150
11/05/2016,160.25
12/05/2016,161.5
13/05/2016,164.25
16/05/2016,163
17/05/2016,164.75
18/05/2016,164
19/05/2016,161.5
20/05/2016,163.5
23/05/2016,163
24/05/2016,163.5
25/05/2016,164.25
26/05/2016,167.25
27/05/2016,167
30/05/2016,166.75
31/05/2016,164.75
01/06/2016,164.75
02/06/2016,167.75
03/06/2016,169.25
06/06/2016,171.25
07/06/2016,169.25
08/06/2016,171.75
09/06/2016,171
10/06/2016,168.5
13/06/2016,169.25
14/06/2016,165.5
15/06/2016,164.25
16/06/2016,162.5
17/06/2016,163
20/06/2016,164.25
21/06/2016,162.5
22/06/2016,161.5
23/06/2016,159
24/06/2016,160.25
27/06/2016,161
28/06/2016,159.75
29/06/2016,156.75
30/06/2016,155.75
01/07/2016,152.25
04/07/2016,154
05/07/2016,154.25
06/07/2016,153.75
07/07/2016,155.75
08/07/2016,159
11/07/2016,161
12/07/2016,161
13/07/2016,161.75
14/07/2016,158.5
15/07/2016,159.5
18/07/2016,161
19/07/2016,160.25
20/07/2016,160.5
21/07/2016,167
22/07/2016,174
25/07/2016,170.5
26/07/2016,166.25
27/07/2016,163.75
28/07/2016,165.75
29/07/2016,166
01/08/2016,167
02/08/2016,168.5
03/08/2016,168.25
04/08/2016,166.25
05/08/2016,166.5
08/08/2016,165.5
09/08/2016,165
10/08/2016,166.75
11/08/2016,167.75
12/08/2016,164.5
15/08/2016,162.5
16/08/2016,163.25
17/08/2016,163.25
18/08/2016,163.5
19/08/2016,162.75
22/08/2016,159
23/08/2016,156
24/08/2016,158.5
25/08/2016,160
26/08/2016,158.5
29/08/2016,154
30/08/2016,155.75
31/08/2016,154.75
01/09/2016,157.5
02/09/2016,158
05/09/2016,154.5
06/09/2016,152
07/09/2016,148.25
08/09/2016,145.25
09/09/2016,143.75
12/09/2016,140
13/09/2016,158.75
14/09/2016,159.25
15/09/2016,158.75
16/09/2016,159
19/09/2016,160.75
20/09/2016,162
21/09/2016,161.5
22/09/2016,162
23/09/2016,161.25
26/09/2016,160
27/09/2016,161.5
28/09/2016,161
29/09/2016,161.75
30/09/2016,160.5
03/10/2016,160
04/10/2016,160.25
05/10/2016,160.5
06/10/2016,158.25
07/10/2016,157
10/10/2016,157.75
11/10/2016,158
12/10/2016,159.5
13/10/2016,161.25
14/10/2016,163.75
17/10/2016,164.25
18/10/2016,163.75
19/10/2016,162.75
20/10/2016,162.5
21/10/2016,163
24/10/2016,162
25/10/2016,162.75
26/10/2016,163.5
27/10/2016,164.25
28/10/2016,164.5
31/10/2016,165.75
01/11/2016,163
02/11/2016,162.75
03/11/2016,162.25
04/11/2016,161.75
07/11/2016,160.25
08/11/2016,161.75
09/11/2016,160.75
10/11/2016,161.5
11/11/2016,161.5
14/11/2016,162
15/11/2016,163
16/11/2016,164
17/11/2016,164.75
18/11/2016,167.5
21/11/2016,168.25
22/11/2016,169.25
23/11/2016,168.75
24/11/2016,168.25
25/11/2016,168.25
28/11/2016,165.25
29/11/2016,161
30/11/2016,162
01/12/2016,160.25
02/12/2016,160
05/12/2016,156.5
06/12/2016,159.5
07/12/2016,162
08/12/2016,162.25
09/12/2016,161.75
12/12/2016,155.5
13/12/2016,165.75
14/12/2016,165.75
15/12/2016,167.5
16/12/2016,167.75
19/12/2016,167.75
20/12/2016,168
21/12/2016,168
22/12/2016,167.25
23/12/2016,165.75
27/12/2016,167.25
28/12/2016,166.5
29/12/2016,168
30/12/2016,168
02/01/2017,168
03/01/2017,169.25
04/01/2017,169.75
05/01/2017,170
06/01/2017,171.25
09/01/2017,171
10/01/2017,169.75
11/01/2017,169
12/01/2017,169.75
13/01/2017,169.75
16/01/2017,169.5
17/01/2017,170.75
18/01/2017,169.75
19/01/2017,169.5
20/01/2017,169.75
23/01/2017,170
24/01/2017,170
25/01/2017,169.5
26/01/2017,170
27/01/2017,169.5
30/01/2017,167
31/01/2017,165.5
01/02/2017,169
02/02/2017,170
03/02/2017,169.25
06/02/2017,169
07/02/2017,169.75
08/02/2017,171
09/02/2017,171.75
10/02/2017,171.75
13/02/2017,173
14/02/2017,173
15/02/2017,173.5
16/02/2017,172.5
17/02/2017,171.5
20/02/2017,171
21/02/2017,171
22/02/2017,172.25
23/02/2017,172
24/02/2017,172.25
27/02/2017,170.25
28/02/2017,172.25
01/03/2017,174.25
02/03/2017,175
03/03/2017,174
06/03/2017,170.5
07/03/2017,169
08/03/2017,170
09/03/2017,172
10/03/2017,167.75
13/03/2017,171.75
14/03/2017,170.75
15/03/2017,172.5
16/03/2017,172.5
17/03/2017,172
20/03/2017,171.25
21/03/2017,170.75
22/03/2017,168.5
23/03/2017,167.25
24/03/2017,167
27/03/2017,165.75
28/03/2017,166.75
29/03/2017,166.25
30/03/2017,163.75
31/03/2017,164.5
03/04/2017,165
04/04/2017,164
05/04/2017,164
06/04/2017,163.75
07/04/2017,163.25
10/04/2017,162.5
11/04/2017,162.25
12/04/2017,164.75
13/04/2017,165.75
18/04/2017,164.5
19/04/2017,164.5
20/04/2017,163.25
21/04/2017,162.5
24/04/2017,162.75
25/04/2017,164.5
26/04/2017,167.25
27/04/2017,167.75
28/04/2017,168.25
02/05/2017,169.5
03/05/2017,171.25
04/05/2017,167.25
05/05/2017,169.25
08/05/2017,167.75
09/05/2017,164
10/05/2017,161.5
11/05/2017,170
12/05/2017,169.5
15/05/2017,167.5
16/05/2017,166.25
17/05/2017,166.75
18/05/2017,165.75
19/05/2017,165.75
22/05/2017,167.25
23/05/2017,166.75
24/05/2017,167
25/05/2017,166.75
26/05/2017,167.5
29/05/2017,168.25
30/05/2017,166.5
31/05/2017,166.75
01/06/2017,166
02/06/2017,166.25
05/06/2017,165.25
06/06/2017,166.75
07/06/2017,168.5
08/06/2017,170.25
09/06/2017,169.5
12/06/2017,168.25
13/06/2017,169.75
14/06/2017,169.75
15/06/2017,170.5
16/06/2017,173.5
19/06/2017,177.5
20/06/2017,177
21/06/2017,175.5
22/06/2017,174
23/06/2017,173.75
26/06/2017,171.25
27/06/2017,170.75
28/06/2017,169.75
29/06/2017,173.25
30/06/2017,176.5
03/07/2017,179.75
04/07/2017,179.75
05/07/2017,180.5
06/07/2017,177.75
07/07/2017,179
10/07/2017,181.25
11/07/2017,181.75
12/07/2017,179.5
13/07/2017,175.25
14/07/2017,174
17/07/2017,172.5
18/07/2017,172.25
19/07/2017,171.25
20/07/2017,170.25
21/07/2017,170.5
24/07/2017,169
25/07/2017,168.25
26/07/2017,168
27/07/2017,168.75
28/07/2017,170.25
31/07/2017,168.25
01/08/2017,166
02/08/2017,165
03/08/2017,163.5
04/08/2017,163.25
07/08/2017,162
08/08/2017,161.75
09/08/2017,161.5
10/08/2017,161.5
11/08/2017,160.5
14/08/2017,159
15/08/2017,159.5
16/08/2017,158.75
17/08/2017,156.5
18/08/2017,155.75
21/08/2017,152.25
22/08/2017,151.5
23/08/2017,153.5
24/08/2017,154
25/08/2017,155.25
28/08/2017,152.5
29/08/2017,152
30/08/2017,154.5
31/08/2017,155.75
01/09/2017,154
04/09/2017,156
05/09/2017,156.5
06/09/2017,153.25
07/09/2017,152.5
08/09/2017,150
11/09/2017,149
12/09/2017,159.5
13/09/2017,161.25
14/09/2017,163.25
15/09/2017,163.25
18/09/2017,161.5
19/09/2017,162
20/09/2017,163
21/09/2017,164.75
22/09/2017,164.75
25/09/2017,166
26/09/2017,166.5
27/09/2017,167
28/09/2017,166.5
29/09/2017,166
02/10/2017,165.5
03/10/2017,167
04/10/2017,166
05/10/2017,166
06/10/2017,165.25
09/10/2017,164
10/10/2017,163
11/10/2017,161.75
12/10/2017,161.75
13/10/2017,162
16/10/2017,162.25
17/10/2017,162.5
18/10/2017,161.5
19/10/2017,161.5
20/10/2017,161.25
23/10/2017,161.75
24/10/2017,161.25
25/10/2017,161.75
26/10/2017,162.5
27/10/2017,163
30/10/2017,163.5
31/10/2017,162
01/11/2017,159.5
02/11/2017,163
03/11/2017,162
06/11/2017,162.75
07/11/2017,161.75
08/11/2017,160.5
09/11/2017,160.25
10/11/2017,160.5
13/11/2017,159.5
14/11/2017,159.75
15/11/2017,159.25
16/11/2017,158.75
17/11/2017,158.75
20/11/2017,157.75
21/11/2017,158.25
22/11/2017,158.75
23/11/2017,158.25
24/11/2017,157.75
27/11/2017,157
28/11/2017,156.75
29/11/2017,159
30/11/2017,159.5
01/12/2017,159.5
04/12/2017,161.75
05/12/2017,160
06/12/2017,157.25
07/12/2017,156.25
08/12/2017,156
11/12/2017,157.25
12/12/2017,161
13/12/2017,160.5
14/12/2017,160
15/12/2017,160.5
18/12/2017,161.25
19/12/2017,161.5
20/12/2017,160.75
21/12/2017,160.25
22/12/2017,160.5
27/12/2017,159.5
28/12/2017,159.25
29/12/2017,159
02/01/2018,158.5
03/01/2018,160
04/01/2018,160.5
05/01/2018,161
08/01/2018,161
09/01/2018,161.5
10/01/2018,161
11/01/2018,159
12/01/2018,157.25
15/01/2018,156
16/01/2018,154.5
17/01/2018,156
18/01/2018,155.75
19/01/2018,155.25
22/01/2018,155.75
23/01/2018,155.5
24/01/2018,156.5
25/01/2018,156.5
26/01/2018,157.25
29/01/2018,158.75
30/01/2018,160.75
31/01/2018,158.25
01/02/2018,156.25
02/02/2018,157.25
05/02/2018,156.75
06/02/2018,158.5
07/02/2018,160.25
08/02/2018,159.75
09/02/2018,159
12/02/2018,160.25
13/02/2018,160.75
14/02/2018,159.5
15/02/2018,160.25
16/02/2018,159.5
19/02/2018,160.75
20/02/2018,160.5
21/02/2018,161.25
22/02/2018,161.75
23/02/2018,163.25
26/02/2018,164
27/02/2018,164.25
28/02/2018,166.75
01/03/2018,167.25
02/03/2018,163.5
05/03/2018,164.25
06/03/2018,163
07/03/2018,161
08/03/2018,163
09/03/2018,160
12/03/2018,157
13/03/2018,164
14/03/2018,165
15/03/2018,165.5
16/03/2018,164.75
19/03/2018,162.25
20/03/2018,162.5
21/03/2018,162.75
22/03/2018,163.5
23/03/2018,163
26/03/2018,163.5
27/03/2018,163.5
28/03/2018,163
29/03/2018,163.75
03/04/2018,166.25
04/04/2018,166.25
05/04/2018,166.75
06/04/2018,167
09/04/2018,168
10/04/2018,167.5
11/04/2018,166.5
12/04/2018,165.5
13/04/2018,164.75
16/04/2018,163.75
17/04/2018,164.5
18/04/2018,164.5
19/04/2018,164
20/04/2018,163
23/04/2018,163
24/04/2018,163.5
25/04/2018,165.25
26/04/2018,166
27/04/2018,166.25
30/04/2018,168.25
02/05/2018,171
03/05/2018,171.75
04/05/2018,169.5
07/05/2018,168.5
08/05/2018,168
09/05/2018,170.5
10/05/2018,185
11/05/2018,171.75
14/05/2018,170.5
15/05/2018,170.25
16/05/2018,171.5
17/05/2018,174.25
18/05/2018,176.75
21/05/2018,176.25
22/05/2018,179
23/05/2018,179.25
24/05/2018,180.5
25/05/2018,182.5
28/05/2018,183.75
29/05/2018,185.75
30/05/2018,180.25
31/05/2018,182.75
01/06/2018,181.5
04/06/2018,179.25
05/06/2018,182.5
06/06/2018,183
07/06/2018,182.5
08/06/2018,182.25
11/06/2018,181
12/06/2018,183.5
13/06/2018,180.25
14/06/2018,180.25
15/06/2018,177.5
18/06/2018,174.5
19/06/2018,171.75
20/06/2018,173.75
21/06/2018,176.25
22/06/2018,176.25
25/06/2018,174
26/06/2018,173
27/06/2018,174.75
28/06/2018,174
29/06/2018,178.5
02/07/2018,180.25
03/07/2018,182.5
04/07/2018,183.5
05/07/2018,186.75
06/07/2018,185.25
09/07/2018,184.25
10/07/2018,180.75
11/07/2018,178.75
12/07/2018,181.5
13/07/2018,183.5
16/07/2018,184
17/07/2018,187
18/07/2018,186
19/07/2018,188
20/07/2018,191.25
23/07/2018,193
24/07/2018,195.5
25/07/2018,200.5
26/07/2018,198.75
27/07/2018,198.25
30/07/2018,202.5
31/07/2018,202.25
01/08/2018,207.25
02/08/2018,212.75
03/08/2018,211
06/08/2018,214.75
07/08/2018,216.25
08/08/2018,214.5
09/08/2018,211
10/08/2018,210.75
13/08/2018,204.75
14/08/2018,205.5
15/08/2018,204.75
16/08/2018,208
17/08/2018,211.5
20/08/2018,209
21/08/2018,204.5
22/08/2018,205
23/08/2018,204
24/08/2018,200.75
27/08/2018,197
28/08/2018,197.5
29/08/2018,202.75
30/08/2018,200.25
31/08/2018,204.75
03/09/2018,204
04/09/2018,200
05/09/2018,199.25
06/09/2018,202.75
07/09/2018,185
10/09/2018,195
11/09/2018,201.25
12/09/2018,199.5
13/09/2018,196.75
14/09/2018,197.75
17/09/2018,198
18/09/2018,199.25
19/09/2018,202.5
20/09/2018,202.5
21/09/2018,201.75
24/09/2018,203
25/09/2018,201
26/09/2018,201.25
27/09/2018,200.75
28/09/2018,201.5
01/10/2018,201.25
02/10/2018,200
03/10/2018,201.25
04/10/2018,202.75
05/10/2018,203.5
08/10/2018,203
09/10/2018,203.5
10/10/2018,202.75
11/10/2018,203.5
12/10/2018,204.75
15/10/2018,204.5
16/10/2018,203.25
17/10/2018,202
18/10/2018,201.25
19/10/2018,201.25
22/10/2018,200.25
23/10/2018,201
24/10/2018,200.5
25/10/2018,199.25
26/10/2018,202.5
29/10/2018,200.5
30/10/2018,198.75
31/10/2018,198.5
01/11/2018,200.75
02/11/2018,200.75
05/11/2018,200.25
06/11/2018,201.25
07/11/2018,201.25
08/11/2018,200
09/11/2018,199.5
12/11/2018,202
13/11/2018,201.75
14/11/2018,201
15/11/2018,200.75
16/11/2018,199.75
19/11/2018,196.75
20/11/2018,198.75
21/11/2018,199.25
22/11/2018,200.75
23/11/2018,199.25
26/11/2018,199.5
27/11/2018,198.75
28/11/2018,199.75
29/11/2018,199
30/11/2018,201.25
03/12/2018,202.25
04/12/2018,200.5
05/12/2018,199
06/12/2018,200
07/12/2018,202.5
10/12/2018,204
11/12/2018,204.5
12/12/2018,206.25
13/12/2018,207.5
14/12/2018,206.75
17/12/2018,207.5
18/12/2018,207.25
19/12/2018,205.25
20/12/2018,206
21/12/2018,204.5
24/12/2018,205
27/12/2018,203.25
28/12/2018,203.5
31/12/2018,203.25
02/01/2019,204
03/01/2019,206
04/01/2019,207
07/01/2019,205.25
08/01/2019,206
09/01/2019,205.25
10/01/2019,203.5
11/01/2019,204.75
14/01/2019,203.75
15/01/2019,203
16/01/2019,203
17/01/2019,204
18/01/2019,204
21/01/2019,205
22/01/2019,205.75
23/01/2019,205.75
24/01/2019,206.5
25/01/2019,205.75
28/01/2019,205
29/01/2019,205.75
30/01/2019,205.75
31/01/2019,204.25
01/02/2019,204
04/02/2019,204.5
05/02/2019,204.25
06/02/2019,203.5
07/02/2019,202
08/02/2019,203
11/02/2019,201.75
12/02/2019,201.5
13/02/2019,201.25
14/02/2019,198.25
15/02/2019,195.25
18/02/2019,195.5
19/02/2019,194.25
20/02/2019,192.75
21/02/2019,195
22/02/2019,196
25/02/2019,193.75
26/02/2019,191.75
27/02/2019,194
28/02/2019,193.25
01/03/2019,191
04/03/2019,192.25
05/03/2019,190
06/03/2019,191.25
07/03/2019,187.5
08/03/2019,185.25
11/03/2019,184
12/03/2019,184.25
13/03/2019,185.5
14/03/2019,187.75
15/03/2019,189.25
18/03/2019,188.75
19/03/2019,189.25
20/03/2019,189
21/03/2019,189
22/03/2019,189.5
25/03/2019,189.5
26/03/2019,188
27/03/2019,186.5
28/03/2019,186
29/03/2019,185.75
01/04/2019,187
02/04/2019,187.25
03/04/2019,188.5
04/04/2019,189.5
05/04/2019,189.25
08/04/2019,189.5
09/04/2019,189.25
10/04/2019,188.5
11/04/2019,189.25
12/04/2019,189.25
15/04/2019,189
16/04/2019,186.25
17/04/2019,185
18/04/2019,183.5
23/04/2019,182.5
24/04/2019,181.5
25/04/2019,182
26/04/2019,183.5
29/04/2019,184
30/04/2019,183.25
02/05/2019,186.25
03/05/2019,185.5
06/05/2019,184
07/05/2019,185
08/05/2019,184.75
09/05/2019,185.25
10/05/2019,183
13/05/2019,168.75
14/05/2019,170.5
15/05/2019,172
16/05/2019,173.75
17/05/2019,173.75
20/05/2019,176
21/05/2019,176.25
22/05/2019,175
23/05/2019,175.5
24/05/2019,178
27/05/2019,182
28/05/2019,184.75
29/05/2019,184.25
30/05/2019,185.25
31/05/2019,185.25
03/06/2019,185.25
04/06/2019,182.5
05/06/2019,179
06/06/2019,179.5
07/06/2019,179
10/06/2019,177.25
11/06/2019,177.75
12/06/2019,177.25
13/06/2019,178.75
14/06/2019,180.75
17/06/2019,182.75
18/06/2019,181
19/06/2019,179
20/06/2019,180
21/06/2019,180.75
24/06/2019,183.75
25/06/2019,183.5
26/06/2019,182.75
27/06/2019,182.25
28/06/2019,180.25
01/07/2019,178.25
02/07/2019,177
03/07/2019,178.5
04/07/2019,179.5
05/07/2019,178.25
08/07/2019,176.75
09/07/2019,173
10/07/2019,173.5
11/07/2019,176.75
12/07/2019,178.25
15/07/2019,176.75
16/07/2019,175.5
17/07/2019,176.75
18/07/2019,174.75
19/07/2019,177
22/07/2019,175.75
